{
	"credit": "Made with Blockbench",
	"textures": {
		"0": "items/wooden_hoe7",
		"particle": "items/wooden_hoe7"
	},
	"elements": [
		{
			"name": "wooden_hoe7_0",
			"from": [1.5, 0, 0],
			"to": [2, 0.5, 2.5],
			"faces": {
				"north": {"uv": [2, 0, 1.5, 0.5], "texture": "#0"},
				"east": {"uv": [1.5, 0, 2, 2.5], "rotation": 90, "texture": "#0"},
				"south": {"uv": [1.5, 2, 2, 2.5], "texture": "#0"},
				"west": {"uv": [1.5, 0, 2, 2.5], "rotation": 270, "texture": "#0"},
				"up": {"uv": [1.5, 0, 2, 2.5], "texture": "#0"},
				"down": {"uv": [1.5, 2.5, 2, 0], "texture": "#0"}
			}
		},
		{
			"name": "wooden_hoe7_1",
			"from": [1, 0, 0.5],
			"to": [1.5, 0.5, 2],
			"faces": {
				"north": {"uv": [1.5, 0.5, 1, 1], "texture": "#0"},
				"east": {"uv": [1, 0.5, 1.5, 2], "rotation": 90, "texture": "#0"},
				"south": {"uv": [1, 1.5, 1.5, 2], "texture": "#0"},
				"west": {"uv": [1, 0.5, 1.5, 2], "rotation": 270, "texture": "#0"},
				"up": {"uv": [1, 0.5, 1.5, 2], "texture": "#0"},
				"down": {"uv": [1, 2, 1.5, 0.5], "texture": "#0"}
			}
		},
		{
			"name": "wooden_hoe7_2",
			"from": [2, 0, 0.5],
			"to": [2.5, 0.5, 3],
			"faces": {
				"north": {"uv": [2.5, 0.5, 2, 1], "texture": "#0"},
				"east": {"uv": [2, 0.5, 2.5, 3], "rotation": 90, "texture": "#0"},
				"south": {"uv": [2, 2.5, 2.5, 3], "texture": "#0"},
				"west": {"uv": [2, 0.5, 2.5, 3], "rotation": 270, "texture": "#0"},
				"up": {"uv": [2, 0.5, 2.5, 3], "texture": "#0"},
				"down": {"uv": [2, 3, 2.5, 0.5], "texture": "#0"}
			}
		},
		{
			"name": "wooden_hoe7_3",
			"from": [0.5, 0, 1],
			"to": [1, 0.5, 1.5],
			"faces": {
				"north": {"uv": [1, 1, 0.5, 1.5], "texture": "#0"},
				"east": {"uv": [0.5, 1, 1, 1.5], "rotation": 90, "texture": "#0"},
				"south": {"uv": [0.5, 1, 1, 1.5], "texture": "#0"},
				"west": {"uv": [0.5, 1, 1, 1.5], "rotation": 270, "texture": "#0"},
				"up": {"uv": [0.5, 1, 1, 1.5], "texture": "#0"},
				"down": {"uv": [0.5, 1.5, 1, 1], "texture": "#0"}
			}
		},
		{
			"name": "wooden_hoe7_4",
			"from": [2.5, 0, 1],
			"to": [3, 0.5, 3.5],
			"faces": {
				"north": {"uv": [3, 1, 2.5, 1.5], "texture": "#0"},
				"east": {"uv": [2.5, 1, 3, 3.5], "rotation": 90, "texture": "#0"},
				"south": {"uv": [2.5, 3, 3, 3.5], "texture": "#0"},
				"west": {"uv": [2.5, 1, 3, 3.5], "rotation": 270, "texture": "#0"},
				"up": {"uv": [2.5, 1, 3, 3.5], "texture": "#0"},
				"down": {"uv": [2.5, 3.5, 3, 1], "texture": "#0"}
			}
		},
		{
			"name": "wooden_hoe7_5",
			"from": [3, 0, 1.5],
			"to": [4.5, 0.5, 4],
			"faces": {
				"north": {"uv": [4.5, 1.5, 3, 2], "texture": "#0"},
				"east": {"uv": [4, 1.5, 4.5, 4], "rotation": 90, "texture": "#0"},
				"south": {"uv": [3, 3.5, 4.5, 4], "texture": "#0"},
				"west": {"uv": [3, 1.5, 3.5, 4], "rotation": 270, "texture": "#0"},
				"up": {"uv": [3, 1.5, 4.5, 4], "texture": "#0"},
				"down": {"uv": [3, 4, 4.5, 1.5], "texture": "#0"}
			}
		},
		{
			"name": "wooden_hoe7_6",
			"from": [4.5, 0, 2],
			"to": [5.5, 0.5, 3],
			"faces": {
				"north": {"uv": [5.5, 2, 4.5, 2.5], "texture": "#0"},
				"east": {"uv": [5, 2, 5.5, 3], "rotation": 90, "texture": "#0"},
				"south": {"uv": [4.5, 2.5, 5.5, 3], "texture": "#0"},
				"west": {"uv": [4.5, 2, 5, 3], "rotation": 270, "texture": "#0"},
				"up": {"uv": [4.5, 2, 5.5, 3], "texture": "#0"},
				"down": {"uv": [4.5, 3, 5.5, 2], "texture": "#0"}
			}
		},
		{
			"name": "wooden_hoe7_7",
			"from": [5.5, 0, 2.5],
			"to": [6, 0.5, 3.5],
			"faces": {
				"north": {"uv": [6, 2.5, 5.5, 3], "texture": "#0"},
				"east": {"uv": [5.5, 2.5, 6, 3.5], "rotation": 90, "texture": "#0"},
				"south": {"uv": [5.5, 3, 6, 3.5], "texture": "#0"},
				"west": {"uv": [5.5, 2.5, 6, 3.5], "rotation": 270, "texture": "#0"},
				"up": {"uv": [5.5, 2.5, 6, 3.5], "texture": "#0"},
				"down": {"uv": [5.5, 3.5, 6, 2.5], "texture": "#0"}
			}
		},
		{
			"name": "wooden_hoe7_8",
			"from": [4.5, 0, 3],
			"to": [5, 0.5, 6],
			"faces": {
				"north": {"uv": [5, 3, 4.5, 3.5], "texture": "#0"},
				"east": {"uv": [4.5, 3, 5, 6], "rotation": 90, "texture": "#0"},
				"south": {"uv": [4.5, 5.5, 5, 6], "texture": "#0"},
				"west": {"uv": [4.5, 3, 5, 6], "rotation": 270, "texture": "#0"},
				"up": {"uv": [4.5, 3, 5, 6], "texture": "#0"},
				"down": {"uv": [4.5, 6, 5, 3], "texture": "#0"}
			}
		},
		{
			"name": "wooden_hoe7_9",
			"from": [6, 0, 3],
			"to": [6.5, 0.5, 7.5],
			"faces": {
				"north": {"uv": [6.5, 3, 6, 3.5], "texture": "#0"},
				"east": {"uv": [6, 3, 6.5, 7.5], "rotation": 90, "texture": "#0"},
				"south": {"uv": [6, 7, 6.5, 7.5], "texture": "#0"},
				"west": {"uv": [6, 3, 6.5, 7.5], "rotation": 270, "texture": "#0"},
				"up": {"uv": [6, 3, 6.5, 7.5], "texture": "#0"},
				"down": {"uv": [6, 7.5, 6.5, 3], "texture": "#0"}
			}
		},
		{
			"name": "wooden_hoe7_10",
			"from": [5, 0, 3.5],
			"to": [5.5, 0.5, 6.5],
			"faces": {
				"north": {"uv": [5.5, 3.5, 5, 4], "texture": "#0"},
				"east": {"uv": [5, 3.5, 5.5, 6.5], "rotation": 90, "texture": "#0"},
				"south": {"uv": [5, 6, 5.5, 6.5], "texture": "#0"},
				"west": {"uv": [5, 3.5, 5.5, 6.5], "rotation": 270, "texture": "#0"},
				"up": {"uv": [5, 3.5, 5.5, 6.5], "texture": "#0"},
				"down": {"uv": [5, 6.5, 5.5, 3.5], "texture": "#0"}
			}
		},
		{
			"name": "wooden_hoe7_11",
			"from": [6.5, 0, 3.5],
			"to": [7, 0.5, 8],
			"faces": {
				"north": {"uv": [7, 3.5, 6.5, 4], "texture": "#0"},
				"east": {"uv": [6.5, 3.5, 7, 8], "rotation": 90, "texture": "#0"},
				"south": {"uv": [6.5, 7.5, 7, 8], "texture": "#0"},
				"west": {"uv": [6.5, 3.5, 7, 8], "rotation": 270, "texture": "#0"},
				"up": {"uv": [6.5, 3.5, 7, 8], "texture": "#0"},
				"down": {"uv": [6.5, 8, 7, 3.5], "texture": "#0"}
			}
		},
		{
			"name": "wooden_hoe7_12",
			"from": [3.5, 0, 4],
			"to": [4.5, 0.5, 5],
			"faces": {
				"north": {"uv": [4.5, 4, 3.5, 4.5], "texture": "#0"},
				"east": {"uv": [4, 4, 4.5, 5], "rotation": 90, "texture": "#0"},
				"south": {"uv": [3.5, 4.5, 4.5, 5], "texture": "#0"},
				"west": {"uv": [3.5, 4, 4, 5], "rotation": 270, "texture": "#0"},
				"up": {"uv": [3.5, 4, 4.5, 5], "texture": "#0"},
				"down": {"uv": [3.5, 5, 4.5, 4], "texture": "#0"}
			}
		},
		{
			"name": "wooden_hoe7_13",
			"from": [5.5, 0, 4],
			"to": [6, 0.5, 7],
			"faces": {
				"north": {"uv": [6, 4, 5.5, 4.5], "texture": "#0"},
				"east": {"uv": [5.5, 4, 6, 7], "rotation": 90, "texture": "#0"},
				"south": {"uv": [5.5, 6.5, 6, 7], "texture": "#0"},
				"west": {"uv": [5.5, 4, 6, 7], "rotation": 270, "texture": "#0"},
				"up": {"uv": [5.5, 4, 6, 7], "texture": "#0"},
				"down": {"uv": [5.5, 7, 6, 4], "texture": "#0"}
			}
		},
		{
			"name": "wooden_hoe7_14",
			"from": [7, 0, 4],
			"to": [7.5, 0.5, 5],
			"faces": {
				"north": {"uv": [7.5, 4, 7, 4.5], "texture": "#0"},
				"east": {"uv": [7, 4, 7.5, 5], "rotation": 90, "texture": "#0"},
				"south": {"uv": [7, 4.5, 7.5, 5], "texture": "#0"},
				"west": {"uv": [7, 4, 7.5, 5], "rotation": 270, "texture": "#0"},
				"up": {"uv": [7, 4, 7.5, 5], "texture": "#0"},
				"down": {"uv": [7, 5, 7.5, 4], "texture": "#0"}
			}
		},
		{
			"name": "wooden_hoe7_15",
			"from": [7.5, 0, 4.5],
			"to": [8, 0.5, 5.5],
			"faces": {
				"north": {"uv": [8, 4.5, 7.5, 5], "texture": "#0"},
				"east": {"uv": [7.5, 4.5, 8, 5.5], "rotation": 90, "texture": "#0"},
				"south": {"uv": [7.5, 5, 8, 5.5], "texture": "#0"},
				"west": {"uv": [7.5, 4.5, 8, 5.5], "rotation": 270, "texture": "#0"},
				"up": {"uv": [7.5, 4.5, 8, 5.5], "texture": "#0"},
				"down": {"uv": [7.5, 5.5, 8, 4.5], "texture": "#0"}
			}
		},
		{
			"name": "wooden_hoe7_16",
			"from": [4, 0, 5],
			"to": [4.5, 0.5, 5.5],
			"faces": {
				"north": {"uv": [4.5, 5, 4, 5.5], "texture": "#0"},
				"east": {"uv": [4, 5, 4.5, 5.5], "rotation": 90, "texture": "#0"},
				"south": {"uv": [4, 5, 4.5, 5.5], "texture": "#0"},
				"west": {"uv": [4, 5, 4.5, 5.5], "rotation": 270, "texture": "#0"},
				"up": {"uv": [4, 5, 4.5, 5.5], "texture": "#0"},
				"down": {"uv": [4, 5.5, 4.5, 5], "texture": "#0"}
			}
		},
		{
			"name": "wooden_hoe7_17",
			"from": [8, 0, 5],
			"to": [8.5, 0.5, 9],
			"faces": {
				"north": {"uv": [8.5, 5, 8, 5.5], "texture": "#0"},
				"east": {"uv": [8, 5, 8.5, 9], "rotation": 90, "texture": "#0"},
				"south": {"uv": [8, 8.5, 8.5, 9], "texture": "#0"},
				"west": {"uv": [8, 5, 8.5, 9], "rotation": 270, "texture": "#0"},
				"up": {"uv": [8, 5, 8.5, 9], "texture": "#0"},
				"down": {"uv": [8, 9, 8.5, 5], "texture": "#0"}
			}
		},
		{
			"name": "wooden_hoe7_18",
			"from": [7, 0, 5.5],
			"to": [7.5, 0.5, 8],
			"faces": {
				"north": {"uv": [7.5, 5.5, 7, 6], "texture": "#0"},
				"east": {"uv": [7, 5.5, 7.5, 8], "rotation": 90, "texture": "#0"},
				"south": {"uv": [7, 7.5, 7.5, 8], "texture": "#0"},
				"west": {"uv": [7, 5.5, 7.5, 8], "rotation": 270, "texture": "#0"},
				"up": {"uv": [7, 5.5, 7.5, 8], "texture": "#0"},
				"down": {"uv": [7, 8, 7.5, 5.5], "texture": "#0"}
			}
		},
		{
			"name": "wooden_hoe7_19",
			"from": [8.5, 0, 5.5],
			"to": [9, 0.5, 9.5],
			"faces": {
				"north": {"uv": [9, 5.5, 8.5, 6], "texture": "#0"},
				"east": {"uv": [8.5, 5.5, 9, 9.5], "rotation": 90, "texture": "#0"},
				"south": {"uv": [8.5, 9, 9, 9.5], "texture": "#0"},
				"west": {"uv": [8.5, 5.5, 9, 9.5], "rotation": 270, "texture": "#0"},
				"up": {"uv": [8.5, 5.5, 9, 9.5], "texture": "#0"},
				"down": {"uv": [8.5, 9.5, 9, 5.5], "texture": "#0"}
			}
		},
		{
			"name": "wooden_hoe7_20",
			"from": [7.5, 0, 6],
			"to": [8, 0.5, 8.5],
			"faces": {
				"north": {"uv": [8, 6, 7.5, 6.5], "texture": "#0"},
				"east": {"uv": [7.5, 6, 8, 8.5], "rotation": 90, "texture": "#0"},
				"south": {"uv": [7.5, 8, 8, 8.5], "texture": "#0"},
				"west": {"uv": [7.5, 6, 8, 8.5], "rotation": 270, "texture": "#0"},
				"up": {"uv": [7.5, 6, 8, 8.5], "texture": "#0"},
				"down": {"uv": [7.5, 8.5, 8, 6], "texture": "#0"}
			}
		},
		{
			"name": "wooden_hoe7_21",
			"from": [9, 0, 6],
			"to": [9.5, 0.5, 11],
			"faces": {
				"north": {"uv": [9.5, 6, 9, 6.5], "texture": "#0"},
				"east": {"uv": [9, 6, 9.5, 11], "rotation": 90, "texture": "#0"},
				"south": {"uv": [9, 10.5, 9.5, 11], "texture": "#0"},
				"west": {"uv": [9, 6, 9.5, 11], "rotation": 270, "texture": "#0"},
				"up": {"uv": [9, 6, 9.5, 11], "texture": "#0"},
				"down": {"uv": [9, 11, 9.5, 6], "texture": "#0"}
			}
		},
		{
			"name": "wooden_hoe7_22",
			"from": [9.5, 0, 6.5],
			"to": [10, 0.5, 11.5],
			"faces": {
				"north": {"uv": [10, 6.5, 9.5, 7], "texture": "#0"},
				"east": {"uv": [9.5, 6.5, 10, 11.5], "rotation": 90, "texture": "#0"},
				"south": {"uv": [9.5, 11, 10, 11.5], "texture": "#0"},
				"west": {"uv": [9.5, 6.5, 10, 11.5], "rotation": 270, "texture": "#0"},
				"up": {"uv": [9.5, 6.5, 10, 11.5], "texture": "#0"},
				"down": {"uv": [9.5, 11.5, 10, 6.5], "texture": "#0"}
			}
		},
		{
			"name": "wooden_hoe7_23",
			"from": [10, 0, 7],
			"to": [10.5, 0.5, 11.5],
			"faces": {
				"north": {"uv": [10.5, 7, 10, 7.5], "texture": "#0"},
				"east": {"uv": [10, 7, 10.5, 11.5], "rotation": 90, "texture": "#0"},
				"south": {"uv": [10, 11, 10.5, 11.5], "texture": "#0"},
				"west": {"uv": [10, 7, 10.5, 11.5], "rotation": 270, "texture": "#0"},
				"up": {"uv": [10, 7, 10.5, 11.5], "texture": "#0"},
				"down": {"uv": [10, 11.5, 10.5, 7], "texture": "#0"}
			}
		},
		{
			"name": "wooden_hoe7_24",
			"from": [10.5, 0, 7.5],
			"to": [11, 0.5, 12],
			"faces": {
				"north": {"uv": [11, 7.5, 10.5, 8], "texture": "#0"},
				"east": {"uv": [10.5, 7.5, 11, 12], "rotation": 90, "texture": "#0"},
				"south": {"uv": [10.5, 11.5, 11, 12], "texture": "#0"},
				"west": {"uv": [10.5, 7.5, 11, 12], "rotation": 270, "texture": "#0"},
				"up": {"uv": [10.5, 7.5, 11, 12], "texture": "#0"},
				"down": {"uv": [10.5, 12, 11, 7.5], "texture": "#0"}
			}
		},
		{
			"name": "wooden_hoe7_25",
			"from": [11, 0, 8],
			"to": [11.5, 0.5, 13],
			"faces": {
				"north": {"uv": [11.5, 8, 11, 8.5], "texture": "#0"},
				"east": {"uv": [11, 8, 11.5, 13], "rotation": 90, "texture": "#0"},
				"south": {"uv": [11, 12.5, 11.5, 13], "texture": "#0"},
				"west": {"uv": [11, 8, 11.5, 13], "rotation": 270, "texture": "#0"},
				"up": {"uv": [11, 8, 11.5, 13], "texture": "#0"},
				"down": {"uv": [11, 13, 11.5, 8], "texture": "#0"}
			}
		},
		{
			"name": "wooden_hoe7_26",
			"from": [12, 0, 8],
			"to": [12.5, 0.5, 9.5],
			"faces": {
				"north": {"uv": [12.5, 8, 12, 8.5], "texture": "#0"},
				"east": {"uv": [12, 8, 12.5, 9.5], "rotation": 90, "texture": "#0"},
				"south": {"uv": [12, 9, 12.5, 9.5], "texture": "#0"},
				"west": {"uv": [12, 8, 12.5, 9.5], "rotation": 270, "texture": "#0"},
				"up": {"uv": [12, 8, 12.5, 9.5], "texture": "#0"},
				"down": {"uv": [12, 9.5, 12.5, 8], "texture": "#0"}
			}
		},
		{
			"name": "wooden_hoe7_27",
			"from": [7, 0, 8.5],
			"to": [7.5, 0.5, 10],
			"faces": {
				"north": {"uv": [7.5, 8.5, 7, 9], "texture": "#0"},
				"east": {"uv": [7, 8.5, 7.5, 10], "rotation": 90, "texture": "#0"},
				"south": {"uv": [7, 9.5, 7.5, 10], "texture": "#0"},
				"west": {"uv": [7, 8.5, 7.5, 10], "rotation": 270, "texture": "#0"},
				"up": {"uv": [7, 8.5, 7.5, 10], "texture": "#0"},
				"down": {"uv": [7, 10, 7.5, 8.5], "texture": "#0"}
			}
		},
		{
			"name": "wooden_hoe7_28",
			"from": [11.5, 0, 8.5],
			"to": [12, 0.5, 14],
			"faces": {
				"north": {"uv": [12, 8.5, 11.5, 9], "texture": "#0"},
				"east": {"uv": [11.5, 8.5, 12, 14], "rotation": 90, "texture": "#0"},
				"south": {"uv": [11.5, 13.5, 12, 14], "texture": "#0"},
				"west": {"uv": [11.5, 8.5, 12, 14], "rotation": 270, "texture": "#0"},
				"up": {"uv": [11.5, 8.5, 12, 14], "texture": "#0"},
				"down": {"uv": [11.5, 14, 12, 8.5], "texture": "#0"}
			}
		},
		{
			"name": "wooden_hoe7_29",
			"from": [12.5, 0, 8.5],
			"to": [13, 0.5, 9],
			"faces": {
				"north": {"uv": [13, 8.5, 12.5, 9], "texture": "#0"},
				"east": {"uv": [12.5, 8.5, 13, 9], "rotation": 90, "texture": "#0"},
				"south": {"uv": [12.5, 8.5, 13, 9], "texture": "#0"},
				"west": {"uv": [12.5, 8.5, 13, 9], "rotation": 270, "texture": "#0"},
				"up": {"uv": [12.5, 8.5, 13, 9], "texture": "#0"},
				"down": {"uv": [12.5, 9, 13, 8.5], "texture": "#0"}
			}
		},
		{
			"name": "wooden_hoe7_30",
			"from": [7.5, 0, 9.5],
			"to": [8.5, 0.5, 10.5],
			"faces": {
				"north": {"uv": [8.5, 9.5, 7.5, 10], "texture": "#0"},
				"east": {"uv": [8, 9.5, 8.5, 10.5], "rotation": 90, "texture": "#0"},
				"south": {"uv": [7.5, 10, 8.5, 10.5], "texture": "#0"},
				"west": {"uv": [7.5, 9.5, 8, 10.5], "rotation": 270, "texture": "#0"},
				"up": {"uv": [7.5, 9.5, 8.5, 10.5], "texture": "#0"},
				"down": {"uv": [7.5, 10.5, 8.5, 9.5], "texture": "#0"}
			}
		},
		{
			"name": "wooden_hoe7_31",
			"from": [8.5, 0, 10],
			"to": [9, 0.5, 10.5],
			"faces": {
				"north": {"uv": [9, 10, 8.5, 10.5], "texture": "#0"},
				"east": {"uv": [8.5, 10, 9, 10.5], "rotation": 90, "texture": "#0"},
				"south": {"uv": [8.5, 10, 9, 10.5], "texture": "#0"},
				"west": {"uv": [8.5, 10, 9, 10.5], "rotation": 270, "texture": "#0"},
				"up": {"uv": [8.5, 10, 9, 10.5], "texture": "#0"},
				"down": {"uv": [8.5, 10.5, 9, 10], "texture": "#0"}
			}
		},
		{
			"name": "wooden_hoe7_32",
			"from": [12, 0, 10],
			"to": [13, 0.5, 15.5],
			"faces": {
				"north": {"uv": [13, 10, 12, 10.5], "texture": "#0"},
				"east": {"uv": [12.5, 10, 13, 15.5], "rotation": 90, "texture": "#0"},
				"south": {"uv": [12, 15, 13, 15.5], "texture": "#0"},
				"west": {"uv": [12, 10, 12.5, 15.5], "rotation": 270, "texture": "#0"},
				"up": {"uv": [12, 10, 13, 15.5], "texture": "#0"},
				"down": {"uv": [12, 15.5, 13, 10], "texture": "#0"}
			}
		},
		{
			"name": "wooden_hoe7_33",
			"from": [13, 0, 10.5],
			"to": [13.5, 0.5, 15.5],
			"faces": {
				"north": {"uv": [13.5, 10.5, 13, 11], "texture": "#0"},
				"east": {"uv": [13, 10.5, 13.5, 15.5], "rotation": 90, "texture": "#0"},
				"south": {"uv": [13, 15, 13.5, 15.5], "texture": "#0"},
				"west": {"uv": [13, 10.5, 13.5, 15.5], "rotation": 270, "texture": "#0"},
				"up": {"uv": [13, 10.5, 13.5, 15.5], "texture": "#0"},
				"down": {"uv": [13, 15.5, 13.5, 10.5], "texture": "#0"}
			}
		},
		{
			"name": "wooden_hoe7_34",
			"from": [13.5, 0, 11],
			"to": [14, 0.5, 15],
			"faces": {
				"north": {"uv": [14, 11, 13.5, 11.5], "texture": "#0"},
				"east": {"uv": [13.5, 11, 14, 15], "rotation": 90, "texture": "#0"},
				"south": {"uv": [13.5, 14.5, 14, 15], "texture": "#0"},
				"west": {"uv": [13.5, 11, 14, 15], "rotation": 270, "texture": "#0"},
				"up": {"uv": [13.5, 11, 14, 15], "texture": "#0"},
				"down": {"uv": [13.5, 15, 14, 11], "texture": "#0"}
			}
		},
		{
			"name": "wooden_hoe7_35",
			"from": [14, 0, 11.5],
			"to": [14.5, 0.5, 14.5],
			"faces": {
				"north": {"uv": [14.5, 11.5, 14, 12], "texture": "#0"},
				"east": {"uv": [14, 11.5, 14.5, 14.5], "rotation": 90, "texture": "#0"},
				"south": {"uv": [14, 14, 14.5, 14.5], "texture": "#0"},
				"west": {"uv": [14, 11.5, 14.5, 14.5], "rotation": 270, "texture": "#0"},
				"up": {"uv": [14, 11.5, 14.5, 14.5], "texture": "#0"},
				"down": {"uv": [14, 14.5, 14.5, 11.5], "texture": "#0"}
			}
		},
		{
			"name": "wooden_hoe7_36",
			"from": [14.5, 0, 12],
			"to": [15, 0.5, 14],
			"faces": {
				"north": {"uv": [15, 12, 14.5, 12.5], "texture": "#0"},
				"east": {"uv": [14.5, 12, 15, 14], "rotation": 90, "texture": "#0"},
				"south": {"uv": [14.5, 13.5, 15, 14], "texture": "#0"},
				"west": {"uv": [14.5, 12, 15, 14], "rotation": 270, "texture": "#0"},
				"up": {"uv": [14.5, 12, 15, 14], "texture": "#0"},
				"down": {"uv": [14.5, 14, 15, 12], "texture": "#0"}
			}
		},
		{
			"name": "wooden_hoe7_37",
			"from": [15, 0, 12.5],
			"to": [15.5, 0.5, 13.5],
			"faces": {
				"north": {"uv": [15.5, 12.5, 15, 13], "texture": "#0"},
				"east": {"uv": [15, 12.5, 15.5, 13.5], "rotation": 90, "texture": "#0"},
				"south": {"uv": [15, 13, 15.5, 13.5], "texture": "#0"},
				"west": {"uv": [15, 12.5, 15.5, 13.5], "rotation": 270, "texture": "#0"},
				"up": {"uv": [15, 12.5, 15.5, 13.5], "texture": "#0"},
				"down": {"uv": [15, 13.5, 15.5, 12.5], "texture": "#0"}
			}
		},
		{
			"name": "wooden_hoe7_38",
			"from": [12.5, 0, 15.5],
			"to": [13, 0.5, 16],
			"faces": {
				"north": {"uv": [13, 15.5, 12.5, 16], "texture": "#0"},
				"east": {"uv": [12.5, 15.5, 13, 16], "rotation": 90, "texture": "#0"},
				"south": {"uv": [12.5, 15.5, 13, 16], "texture": "#0"},
				"west": {"uv": [12.5, 15.5, 13, 16], "rotation": 270, "texture": "#0"},
				"up": {"uv": [12.5, 15.5, 13, 16], "texture": "#0"},
				"down": {"uv": [12.5, 16, 13, 15.5], "texture": "#0"}
			}
		}
	],
	"display": {
		"thirdperson_righthand": {
			"rotation": [45, 0, 90],
			"translation": [-5.75, 0.75, -0.5],
			"scale": [0.8, 0.8, 0.8]
		},
		"thirdperson_lefthand": {
			"rotation": [45, 0, -90],
			"translation": [5.75, 0.75, -0.5],
			"scale": [0.8, 0.8, 0.8]
		},
		"firstperson_righthand": {
			"rotation": [55, 9, 90],
			"translation": [-4.5, -1.25, -6.25]
		},
		"firstperson_lefthand": {
			"rotation": [55, 0, -90],
			"translation": [8.25, 0.25, -6.25]
		},
		"ground": {
			"translation": [0, 4, 0]
		},
		"gui": {
			"rotation": [90, 0, 0]
		},
		"fixed": {
			"rotation": [90, 0, 0],
			"translation": [0, 0, 7.25]
		}
	},
	"groups": [
		{
			"name": "wooden_hoe7",
			"origin": [8, 8, 8],
			"children": [0, 1, 2, 3, 4, 5, 6, 7, 8, 9, 10, 11, 12, 13, 14, 15, 16, 17, 18, 19, 20, 21, 22, 23, 24, 25, 26, 27, 28, 29, 30, 31, 32, 33, 34, 35, 36, 37, 38]
		}
	]
}