{
	"credit": "Made with Blockbench",
	"textures": {
		"0": "items/wooden_hoe1",
		"particle": "items/wooden_hoe1"
	},
	"elements": [
		{
			"name": "wooden_hoe1_0",
			"from": [5.5, 0, 1],
			"to": [6.5, 0.5, 6],
			"faces": {
				"north": {"uv": [6.5, 1, 5.5, 1.5], "texture": "#0"},
				"east": {"uv": [6, 1, 6.5, 6], "rotation": 90, "texture": "#0"},
				"south": {"uv": [5.5, 5.5, 6.5, 6], "texture": "#0"},
				"west": {"uv": [5.5, 1, 6, 6], "rotation": 270, "texture": "#0"},
				"up": {"uv": [5.5, 1, 6.5, 6], "texture": "#0"},
				"down": {"uv": [5.5, 6, 6.5, 1], "texture": "#0"}
			}
		},
		{
			"name": "wooden_hoe1_1",
			"from": [5, 0, 1.5],
			"to": [5.5, 0.5, 5.5],
			"faces": {
				"north": {"uv": [5.5, 1.5, 5, 2], "texture": "#0"},
				"east": {"uv": [5, 1.5, 5.5, 5.5], "rotation": 90, "texture": "#0"},
				"south": {"uv": [5, 5, 5.5, 5.5], "texture": "#0"},
				"west": {"uv": [5, 1.5, 5.5, 5.5], "rotation": 270, "texture": "#0"},
				"up": {"uv": [5, 1.5, 5.5, 5.5], "texture": "#0"},
				"down": {"uv": [5, 5.5, 5.5, 1.5], "texture": "#0"}
			}
		},
		{
			"name": "wooden_hoe1_2",
			"from": [6.5, 0, 1.5],
			"to": [7, 0.5, 2.5],
			"faces": {
				"north": {"uv": [7, 1.5, 6.5, 2], "texture": "#0"},
				"east": {"uv": [6.5, 1.5, 7, 2.5], "rotation": 90, "texture": "#0"},
				"south": {"uv": [6.5, 2, 7, 2.5], "texture": "#0"},
				"west": {"uv": [6.5, 1.5, 7, 2.5], "rotation": 270, "texture": "#0"},
				"up": {"uv": [6.5, 1.5, 7, 2.5], "texture": "#0"},
				"down": {"uv": [6.5, 2.5, 7, 1.5], "texture": "#0"}
			}
		},
		{
			"name": "wooden_hoe1_3",
			"from": [4.5, 0, 2],
			"to": [5, 0.5, 5],
			"faces": {
				"north": {"uv": [5, 2, 4.5, 2.5], "texture": "#0"},
				"east": {"uv": [4.5, 2, 5, 5], "rotation": 90, "texture": "#0"},
				"south": {"uv": [4.5, 4.5, 5, 5], "texture": "#0"},
				"west": {"uv": [4.5, 2, 5, 5], "rotation": 270, "texture": "#0"},
				"up": {"uv": [4.5, 2, 5, 5], "texture": "#0"},
				"down": {"uv": [4.5, 5, 5, 2], "texture": "#0"}
			}
		},
		{
			"name": "wooden_hoe1_4",
			"from": [4, 0, 2.5],
			"to": [4.5, 0.5, 4.5],
			"faces": {
				"north": {"uv": [4.5, 2.5, 4, 3], "texture": "#0"},
				"east": {"uv": [4, 2.5, 4.5, 4.5], "rotation": 90, "texture": "#0"},
				"south": {"uv": [4, 4, 4.5, 4.5], "texture": "#0"},
				"west": {"uv": [4, 2.5, 4.5, 4.5], "rotation": 270, "texture": "#0"},
				"up": {"uv": [4, 2.5, 4.5, 4.5], "texture": "#0"},
				"down": {"uv": [4, 4.5, 4.5, 2.5], "texture": "#0"}
			}
		},
		{
			"name": "wooden_hoe1_5",
			"from": [7, 0, 2.5],
			"to": [7.5, 0.5, 8],
			"faces": {
				"north": {"uv": [7.5, 2.5, 7, 3], "texture": "#0"},
				"east": {"uv": [7, 2.5, 7.5, 8], "rotation": 90, "texture": "#0"},
				"south": {"uv": [7, 7.5, 7.5, 8], "texture": "#0"},
				"west": {"uv": [7, 2.5, 7.5, 8], "rotation": 270, "texture": "#0"},
				"up": {"uv": [7, 2.5, 7.5, 8], "texture": "#0"},
				"down": {"uv": [7, 8, 7.5, 2.5], "texture": "#0"}
			}
		},
		{
			"name": "wooden_hoe1_6",
			"from": [6.5, 0, 3],
			"to": [7, 0.5, 7],
			"faces": {
				"north": {"uv": [7, 3, 6.5, 3.5], "texture": "#0"},
				"east": {"uv": [6.5, 3, 7, 7], "rotation": 90, "texture": "#0"},
				"south": {"uv": [6.5, 6.5, 7, 7], "texture": "#0"},
				"west": {"uv": [6.5, 3, 7, 7], "rotation": 270, "texture": "#0"},
				"up": {"uv": [6.5, 3, 7, 7], "texture": "#0"},
				"down": {"uv": [6.5, 7, 7, 3], "texture": "#0"}
			}
		},
		{
			"name": "wooden_hoe1_7",
			"from": [7.5, 0, 3],
			"to": [8, 0.5, 3.5],
			"faces": {
				"north": {"uv": [8, 3, 7.5, 3.5], "texture": "#0"},
				"east": {"uv": [7.5, 3, 8, 3.5], "rotation": 90, "texture": "#0"},
				"south": {"uv": [7.5, 3, 8, 3.5], "texture": "#0"},
				"west": {"uv": [7.5, 3, 8, 3.5], "rotation": 270, "texture": "#0"},
				"up": {"uv": [7.5, 3, 8, 3.5], "texture": "#0"},
				"down": {"uv": [7.5, 3.5, 8, 3], "texture": "#0"}
			}
		},
		{
			"name": "wooden_hoe1_8",
			"from": [8, 0, 3.5],
			"to": [8.5, 0.5, 8.5],
			"faces": {
				"north": {"uv": [8.5, 3.5, 8, 4], "texture": "#0"},
				"east": {"uv": [8, 3.5, 8.5, 8.5], "rotation": 90, "texture": "#0"},
				"south": {"uv": [8, 8, 8.5, 8.5], "texture": "#0"},
				"west": {"uv": [8, 3.5, 8.5, 8.5], "rotation": 270, "texture": "#0"},
				"up": {"uv": [8, 3.5, 8.5, 8.5], "texture": "#0"},
				"down": {"uv": [8, 8.5, 8.5, 3.5], "texture": "#0"}
			}
		},
		{
			"name": "wooden_hoe1_9",
			"from": [7.5, 0, 4],
			"to": [8, 0.5, 8],
			"faces": {
				"north": {"uv": [8, 4, 7.5, 4.5], "texture": "#0"},
				"east": {"uv": [7.5, 4, 8, 8], "rotation": 90, "texture": "#0"},
				"south": {"uv": [7.5, 7.5, 8, 8], "texture": "#0"},
				"west": {"uv": [7.5, 4, 8, 8], "rotation": 270, "texture": "#0"},
				"up": {"uv": [7.5, 4, 8, 8], "texture": "#0"},
				"down": {"uv": [7.5, 8, 8, 4], "texture": "#0"}
			}
		},
		{
			"name": "wooden_hoe1_10",
			"from": [8.5, 0, 4],
			"to": [9, 0.5, 16],
			"faces": {
				"north": {"uv": [9, 4, 8.5, 4.5], "texture": "#0"},
				"east": {"uv": [8.5, 4, 9, 16], "rotation": 90, "texture": "#0"},
				"south": {"uv": [8.5, 15.5, 9, 16], "texture": "#0"},
				"west": {"uv": [8.5, 4, 9, 16], "rotation": 270, "texture": "#0"},
				"up": {"uv": [8.5, 4, 9, 16], "texture": "#0"},
				"down": {"uv": [8.5, 16, 9, 4], "texture": "#0"}
			}
		},
		{
			"name": "wooden_hoe1_11",
			"from": [9, 0, 4.5],
			"to": [9.5, 0.5, 16],
			"faces": {
				"north": {"uv": [9.5, 4.5, 9, 5], "texture": "#0"},
				"east": {"uv": [9, 4.5, 9.5, 16], "rotation": 90, "texture": "#0"},
				"south": {"uv": [9, 15.5, 9.5, 16], "texture": "#0"},
				"west": {"uv": [9, 4.5, 9.5, 16], "rotation": 270, "texture": "#0"},
				"up": {"uv": [9, 4.5, 9.5, 16], "texture": "#0"},
				"down": {"uv": [9, 16, 9.5, 4.5], "texture": "#0"}
			}
		},
		{
			"name": "wooden_hoe1_12",
			"from": [9.5, 0, 5],
			"to": [10, 0.5, 15.5],
			"faces": {
				"north": {"uv": [10, 5, 9.5, 5.5], "texture": "#0"},
				"east": {"uv": [9.5, 5, 10, 15.5], "rotation": 90, "texture": "#0"},
				"south": {"uv": [9.5, 15, 10, 15.5], "texture": "#0"},
				"west": {"uv": [9.5, 5, 10, 15.5], "rotation": 270, "texture": "#0"},
				"up": {"uv": [9.5, 5, 10, 15.5], "texture": "#0"},
				"down": {"uv": [9.5, 15.5, 10, 5], "texture": "#0"}
			}
		},
		{
			"name": "wooden_hoe1_13",
			"from": [10, 0, 5.5],
			"to": [10.5, 0.5, 15],
			"faces": {
				"north": {"uv": [10.5, 5.5, 10, 6], "texture": "#0"},
				"east": {"uv": [10, 5.5, 10.5, 15], "rotation": 90, "texture": "#0"},
				"south": {"uv": [10, 14.5, 10.5, 15], "texture": "#0"},
				"west": {"uv": [10, 5.5, 10.5, 15], "rotation": 270, "texture": "#0"},
				"up": {"uv": [10, 5.5, 10.5, 15], "texture": "#0"},
				"down": {"uv": [10, 15, 10.5, 5.5], "texture": "#0"}
			}
		},
		{
			"name": "wooden_hoe1_14",
			"from": [6, 0, 6],
			"to": [6.5, 0.5, 6.5],
			"faces": {
				"north": {"uv": [6.5, 6, 6, 6.5], "texture": "#0"},
				"east": {"uv": [6, 6, 6.5, 6.5], "rotation": 90, "texture": "#0"},
				"south": {"uv": [6, 6, 6.5, 6.5], "texture": "#0"},
				"west": {"uv": [6, 6, 6.5, 6.5], "rotation": 270, "texture": "#0"},
				"up": {"uv": [6, 6, 6.5, 6.5], "texture": "#0"},
				"down": {"uv": [6, 6.5, 6.5, 6], "texture": "#0"}
			}
		},
		{
			"name": "wooden_hoe1_15",
			"from": [10.5, 0, 6],
			"to": [11, 0.5, 14.5],
			"faces": {
				"north": {"uv": [11, 6, 10.5, 6.5], "texture": "#0"},
				"east": {"uv": [10.5, 6, 11, 14.5], "rotation": 90, "texture": "#0"},
				"south": {"uv": [10.5, 14, 11, 14.5], "texture": "#0"},
				"west": {"uv": [10.5, 6, 11, 14.5], "rotation": 270, "texture": "#0"},
				"up": {"uv": [10.5, 6, 11, 14.5], "texture": "#0"},
				"down": {"uv": [10.5, 14.5, 11, 6], "texture": "#0"}
			}
		},
		{
			"name": "wooden_hoe1_16",
			"from": [11, 0, 6.5],
			"to": [11.5, 0.5, 14],
			"faces": {
				"north": {"uv": [11.5, 6.5, 11, 7], "texture": "#0"},
				"east": {"uv": [11, 6.5, 11.5, 14], "rotation": 90, "texture": "#0"},
				"south": {"uv": [11, 13.5, 11.5, 14], "texture": "#0"},
				"west": {"uv": [11, 6.5, 11.5, 14], "rotation": 270, "texture": "#0"},
				"up": {"uv": [11, 6.5, 11.5, 14], "texture": "#0"},
				"down": {"uv": [11, 14, 11.5, 6.5], "texture": "#0"}
			}
		},
		{
			"name": "wooden_hoe1_17",
			"from": [11.5, 0, 7],
			"to": [12, 0.5, 13],
			"faces": {
				"north": {"uv": [12, 7, 11.5, 7.5], "texture": "#0"},
				"east": {"uv": [11.5, 7, 12, 13], "rotation": 90, "texture": "#0"},
				"south": {"uv": [11.5, 12.5, 12, 13], "texture": "#0"},
				"west": {"uv": [11.5, 7, 12, 13], "rotation": 270, "texture": "#0"},
				"up": {"uv": [11.5, 7, 12, 13], "texture": "#0"},
				"down": {"uv": [11.5, 13, 12, 7], "texture": "#0"}
			}
		},
		{
			"name": "wooden_hoe1_18",
			"from": [12, 0, 7.5],
			"to": [13, 0.5, 12],
			"faces": {
				"north": {"uv": [13, 7.5, 12, 8], "texture": "#0"},
				"east": {"uv": [12.5, 7.5, 13, 12], "rotation": 90, "texture": "#0"},
				"south": {"uv": [12, 11.5, 13, 12], "texture": "#0"},
				"west": {"uv": [12, 7.5, 12.5, 12], "rotation": 270, "texture": "#0"},
				"up": {"uv": [12, 7.5, 13, 12], "texture": "#0"},
				"down": {"uv": [12, 12, 13, 7.5], "texture": "#0"}
			}
		},
		{
			"name": "wooden_hoe1_19",
			"from": [6.5, 0, 8],
			"to": [7, 0.5, 10],
			"faces": {
				"north": {"uv": [7, 8, 6.5, 8.5], "texture": "#0"},
				"east": {"uv": [6.5, 8, 7, 10], "rotation": 90, "texture": "#0"},
				"south": {"uv": [6.5, 9.5, 7, 10], "texture": "#0"},
				"west": {"uv": [6.5, 8, 7, 10], "rotation": 270, "texture": "#0"},
				"up": {"uv": [6.5, 8, 7, 10], "texture": "#0"},
				"down": {"uv": [6.5, 10, 7, 8], "texture": "#0"}
			}
		},
		{
			"name": "wooden_hoe1_20",
			"from": [13, 0, 8],
			"to": [13.5, 0.5, 13],
			"faces": {
				"north": {"uv": [13.5, 8, 13, 8.5], "texture": "#0"},
				"east": {"uv": [13, 8, 13.5, 13], "rotation": 90, "texture": "#0"},
				"south": {"uv": [13, 12.5, 13.5, 13], "texture": "#0"},
				"west": {"uv": [13, 8, 13.5, 13], "rotation": 270, "texture": "#0"},
				"up": {"uv": [13, 8, 13.5, 13], "texture": "#0"},
				"down": {"uv": [13, 13, 13.5, 8], "texture": "#0"}
			}
		},
		{
			"name": "wooden_hoe1_21",
			"from": [8, 0, 9],
			"to": [8.5, 0.5, 9.5],
			"faces": {
				"north": {"uv": [8.5, 9, 8, 9.5], "texture": "#0"},
				"east": {"uv": [8, 9, 8.5, 9.5], "rotation": 90, "texture": "#0"},
				"south": {"uv": [8, 9, 8.5, 9.5], "texture": "#0"},
				"west": {"uv": [8, 9, 8.5, 9.5], "rotation": 270, "texture": "#0"},
				"up": {"uv": [8, 9, 8.5, 9.5], "texture": "#0"},
				"down": {"uv": [8, 9.5, 8.5, 9], "texture": "#0"}
			}
		},
		{
			"name": "wooden_hoe1_22",
			"from": [7.5, 0, 9.5],
			"to": [8, 0.5, 15.5],
			"faces": {
				"north": {"uv": [8, 9.5, 7.5, 10], "texture": "#0"},
				"east": {"uv": [7.5, 9.5, 8, 15.5], "rotation": 90, "texture": "#0"},
				"south": {"uv": [7.5, 15, 8, 15.5], "texture": "#0"},
				"west": {"uv": [7.5, 9.5, 8, 15.5], "rotation": 270, "texture": "#0"},
				"up": {"uv": [7.5, 9.5, 8, 15.5], "texture": "#0"},
				"down": {"uv": [7.5, 15.5, 8, 9.5], "texture": "#0"}
			}
		},
		{
			"name": "wooden_hoe1_23",
			"from": [13.5, 0, 9.5],
			"to": [14.5, 0.5, 11],
			"faces": {
				"north": {"uv": [14.5, 9.5, 13.5, 10], "texture": "#0"},
				"east": {"uv": [14, 9.5, 14.5, 11], "rotation": 90, "texture": "#0"},
				"south": {"uv": [13.5, 10.5, 14.5, 11], "texture": "#0"},
				"west": {"uv": [13.5, 9.5, 14, 11], "rotation": 270, "texture": "#0"},
				"up": {"uv": [13.5, 9.5, 14.5, 11], "texture": "#0"},
				"down": {"uv": [13.5, 11, 14.5, 9.5], "texture": "#0"}
			}
		},
		{
			"name": "wooden_hoe1_24",
			"from": [7, 0, 10],
			"to": [7.5, 0.5, 10.5],
			"faces": {
				"north": {"uv": [7.5, 10, 7, 10.5], "texture": "#0"},
				"east": {"uv": [7, 10, 7.5, 10.5], "rotation": 90, "texture": "#0"},
				"south": {"uv": [7, 10, 7.5, 10.5], "texture": "#0"},
				"west": {"uv": [7, 10, 7.5, 10.5], "rotation": 270, "texture": "#0"},
				"up": {"uv": [7, 10, 7.5, 10.5], "texture": "#0"},
				"down": {"uv": [7, 10.5, 7.5, 10], "texture": "#0"}
			}
		},
		{
			"name": "wooden_hoe1_25",
			"from": [8, 0, 10],
			"to": [8.5, 0.5, 16],
			"faces": {
				"north": {"uv": [8.5, 10, 8, 10.5], "texture": "#0"},
				"east": {"uv": [8, 10, 8.5, 16], "rotation": 90, "texture": "#0"},
				"south": {"uv": [8, 15.5, 8.5, 16], "texture": "#0"},
				"west": {"uv": [8, 10, 8.5, 16], "rotation": 270, "texture": "#0"},
				"up": {"uv": [8, 10, 8.5, 16], "texture": "#0"},
				"down": {"uv": [8, 16, 8.5, 10], "texture": "#0"}
			}
		},
		{
			"name": "wooden_hoe1_26",
			"from": [14.5, 0, 10],
			"to": [15, 0.5, 10.5],
			"faces": {
				"north": {"uv": [15, 10, 14.5, 10.5], "texture": "#0"},
				"east": {"uv": [14.5, 10, 15, 10.5], "rotation": 90, "texture": "#0"},
				"south": {"uv": [14.5, 10, 15, 10.5], "texture": "#0"},
				"west": {"uv": [14.5, 10, 15, 10.5], "rotation": 270, "texture": "#0"},
				"up": {"uv": [14.5, 10, 15, 10.5], "texture": "#0"},
				"down": {"uv": [14.5, 10.5, 15, 10], "texture": "#0"}
			}
		},
		{
			"name": "wooden_hoe1_27",
			"from": [13.5, 0, 11],
			"to": [14, 0.5, 13.5],
			"faces": {
				"north": {"uv": [14, 11, 13.5, 11.5], "texture": "#0"},
				"east": {"uv": [13.5, 11, 14, 13.5], "rotation": 90, "texture": "#0"},
				"south": {"uv": [13.5, 13, 14, 13.5], "texture": "#0"},
				"west": {"uv": [13.5, 11, 14, 13.5], "rotation": 270, "texture": "#0"},
				"up": {"uv": [13.5, 11, 14, 13.5], "texture": "#0"},
				"down": {"uv": [13.5, 13.5, 14, 11], "texture": "#0"}
			}
		},
		{
			"name": "wooden_hoe1_28",
			"from": [7, 0, 12],
			"to": [7.5, 0.5, 15],
			"faces": {
				"north": {"uv": [7.5, 12, 7, 12.5], "texture": "#0"},
				"east": {"uv": [7, 12, 7.5, 15], "rotation": 90, "texture": "#0"},
				"south": {"uv": [7, 14.5, 7.5, 15], "texture": "#0"},
				"west": {"uv": [7, 12, 7.5, 15], "rotation": 270, "texture": "#0"},
				"up": {"uv": [7, 12, 7.5, 15], "texture": "#0"},
				"down": {"uv": [7, 15, 7.5, 12], "texture": "#0"}
			}
		},
		{
			"name": "wooden_hoe1_29",
			"from": [12.5, 0, 12],
			"to": [13, 0.5, 12.5],
			"faces": {
				"north": {"uv": [13, 12, 12.5, 12.5], "texture": "#0"},
				"east": {"uv": [12.5, 12, 13, 12.5], "rotation": 90, "texture": "#0"},
				"south": {"uv": [12.5, 12, 13, 12.5], "texture": "#0"},
				"west": {"uv": [12.5, 12, 13, 12.5], "rotation": 270, "texture": "#0"},
				"up": {"uv": [12.5, 12, 13, 12.5], "texture": "#0"},
				"down": {"uv": [12.5, 12.5, 13, 12], "texture": "#0"}
			}
		},
		{
			"name": "wooden_hoe1_30",
			"from": [14, 0, 12],
			"to": [14.5, 0.5, 13.5],
			"faces": {
				"north": {"uv": [14.5, 12, 14, 12.5], "texture": "#0"},
				"east": {"uv": [14, 12, 14.5, 13.5], "rotation": 90, "texture": "#0"},
				"south": {"uv": [14, 13, 14.5, 13.5], "texture": "#0"},
				"west": {"uv": [14, 12, 14.5, 13.5], "rotation": 270, "texture": "#0"},
				"up": {"uv": [14, 12, 14.5, 13.5], "texture": "#0"},
				"down": {"uv": [14, 13.5, 14.5, 12], "texture": "#0"}
			}
		},
		{
			"name": "wooden_hoe1_31",
			"from": [6.5, 0, 12.5],
			"to": [7, 0.5, 14.5],
			"faces": {
				"north": {"uv": [7, 12.5, 6.5, 13], "texture": "#0"},
				"east": {"uv": [6.5, 12.5, 7, 14.5], "rotation": 90, "texture": "#0"},
				"south": {"uv": [6.5, 14, 7, 14.5], "texture": "#0"},
				"west": {"uv": [6.5, 12.5, 7, 14.5], "rotation": 270, "texture": "#0"},
				"up": {"uv": [6.5, 12.5, 7, 14.5], "texture": "#0"},
				"down": {"uv": [6.5, 14.5, 7, 12.5], "texture": "#0"}
			}
		},
		{
			"name": "wooden_hoe1_32",
			"from": [6, 0, 13],
			"to": [6.5, 0.5, 14],
			"faces": {
				"north": {"uv": [6.5, 13, 6, 13.5], "texture": "#0"},
				"east": {"uv": [6, 13, 6.5, 14], "rotation": 90, "texture": "#0"},
				"south": {"uv": [6, 13.5, 6.5, 14], "texture": "#0"},
				"west": {"uv": [6, 13, 6.5, 14], "rotation": 270, "texture": "#0"},
				"up": {"uv": [6, 13, 6.5, 14], "texture": "#0"},
				"down": {"uv": [6, 14, 6.5, 13], "texture": "#0"}
			}
		}
	],
	"display": {
		"thirdperson_righthand": {
			"rotation": [75, 0, 90],
			"translation": [-5.25, 2.75, 0.5],
			"scale": [0.68, 0.68, 0.68]
		},
		"thirdperson_lefthand": {
			"rotation": [75, 0, -90],
			"translation": [5.25, 2.75, 0.5],
			"scale": [0.68, 0.68, 0.68]
		},
		"firstperson_righthand": {
			"rotation": [55, 9, 90],
			"translation": [-4.5, -1.25, -6.25]
		},
		"firstperson_lefthand": {
			"rotation": [55, 0, -90],
			"translation": [8.25, 0.25, -6.25]
		},
		"ground": {
			"translation": [0, 1.5, 0],
			"scale": [0.68, 0.68, 0.68]
		},
		"gui": {
			"rotation": [90, 0, 0]
		},
		"fixed": {
			"rotation": [90, 0, 0],
			"translation": [0, 0, 7.25]
		}
	},
	"groups": [
		{
			"name": "wooden_hoe1",
			"origin": [8, 8, 8],
			"children": [0, 1, 2, 3, 4, 5, 6, 7, 8, 9, 10, 11, 12, 13, 14, 15, 16, 17, 18, 19, 20, 21, 22, 23, 24, 25, 26, 27, 28, 29, 30, 31, 32]
		}
	]
}