{
	"credit": "Made with Blockbench",
	"textures": {
		"0": "items/wooden_hoe5",
		"particle": "items/wooden_hoe5"
	},
	"elements": [
		{
			"name": "wooden_hoe5_0",
			"from": [2.5, 0, 0],
			"to": [4, 0.5, 1.5],
			"faces": {
				"north": {"uv": [4, 0, 2.5, 0.5], "texture": "#0"},
				"east": {"uv": [3.5, 0, 4, 1.5], "rotation": 90, "texture": "#0"},
				"south": {"uv": [2.5, 1, 4, 1.5], "texture": "#0"},
				"west": {"uv": [2.5, 0, 3, 1.5], "rotation": 270, "texture": "#0"},
				"up": {"uv": [2.5, 0, 4, 1.5], "texture": "#0"},
				"down": {"uv": [2.5, 1.5, 4, 0], "texture": "#0"}
			}
		},
		{
			"name": "wooden_hoe5_1",
			"from": [4, 0, 0.5],
			"to": [4.5, 0.5, 2.5],
			"faces": {
				"north": {"uv": [4.5, 0.5, 4, 1], "texture": "#0"},
				"east": {"uv": [4, 0.5, 4.5, 2.5], "rotation": 90, "texture": "#0"},
				"south": {"uv": [4, 2, 4.5, 2.5], "texture": "#0"},
				"west": {"uv": [4, 0.5, 4.5, 2.5], "rotation": 270, "texture": "#0"},
				"up": {"uv": [4, 0.5, 4.5, 2.5], "texture": "#0"},
				"down": {"uv": [4, 2.5, 4.5, 0.5], "texture": "#0"}
			}
		},
		{
			"name": "wooden_hoe5_2",
			"from": [3, 0, 1.5],
			"to": [4, 0.5, 2],
			"faces": {
				"north": {"uv": [4, 1.5, 3, 2], "texture": "#0"},
				"east": {"uv": [3.5, 1.5, 4, 2], "rotation": 90, "texture": "#0"},
				"south": {"uv": [3, 1.5, 4, 2], "texture": "#0"},
				"west": {"uv": [3, 1.5, 3.5, 2], "rotation": 270, "texture": "#0"},
				"up": {"uv": [3, 1.5, 4, 2], "texture": "#0"},
				"down": {"uv": [3, 2, 4, 1.5], "texture": "#0"}
			}
		},
		{
			"name": "wooden_hoe5_3",
			"from": [4.5, 0, 1.5],
			"to": [5, 0.5, 4],
			"faces": {
				"north": {"uv": [5, 1.5, 4.5, 2], "texture": "#0"},
				"east": {"uv": [4.5, 1.5, 5, 4], "rotation": 90, "texture": "#0"},
				"south": {"uv": [4.5, 3.5, 5, 4], "texture": "#0"},
				"west": {"uv": [4.5, 1.5, 5, 4], "rotation": 270, "texture": "#0"},
				"up": {"uv": [4.5, 1.5, 5, 4], "texture": "#0"},
				"down": {"uv": [4.5, 4, 5, 1.5], "texture": "#0"}
			}
		},
		{
			"name": "wooden_hoe5_4",
			"from": [5, 0, 2],
			"to": [5.5, 0.5, 4.5],
			"faces": {
				"north": {"uv": [5.5, 2, 5, 2.5], "texture": "#0"},
				"east": {"uv": [5, 2, 5.5, 4.5], "rotation": 90, "texture": "#0"},
				"south": {"uv": [5, 4, 5.5, 4.5], "texture": "#0"},
				"west": {"uv": [5, 2, 5.5, 4.5], "rotation": 270, "texture": "#0"},
				"up": {"uv": [5, 2, 5.5, 4.5], "texture": "#0"},
				"down": {"uv": [5, 4.5, 5.5, 2], "texture": "#0"}
			}
		},
		{
			"name": "wooden_hoe5_5",
			"from": [5.5, 0, 2.5],
			"to": [6, 0.5, 4],
			"faces": {
				"north": {"uv": [6, 2.5, 5.5, 3], "texture": "#0"},
				"east": {"uv": [5.5, 2.5, 6, 4], "rotation": 90, "texture": "#0"},
				"south": {"uv": [5.5, 3.5, 6, 4], "texture": "#0"},
				"west": {"uv": [5.5, 2.5, 6, 4], "rotation": 270, "texture": "#0"},
				"up": {"uv": [5.5, 2.5, 6, 4], "texture": "#0"},
				"down": {"uv": [5.5, 4, 6, 2.5], "texture": "#0"}
			}
		},
		{
			"name": "wooden_hoe5_6",
			"from": [4, 0, 3],
			"to": [4.5, 0.5, 3.5],
			"faces": {
				"north": {"uv": [4.5, 3, 4, 3.5], "texture": "#0"},
				"east": {"uv": [4, 3, 4.5, 3.5], "rotation": 90, "texture": "#0"},
				"south": {"uv": [4, 3, 4.5, 3.5], "texture": "#0"},
				"west": {"uv": [4, 3, 4.5, 3.5], "rotation": 270, "texture": "#0"},
				"up": {"uv": [4, 3, 4.5, 3.5], "texture": "#0"},
				"down": {"uv": [4, 3.5, 4.5, 3], "texture": "#0"}
			}
		},
		{
			"name": "wooden_hoe5_7",
			"from": [6, 0, 3],
			"to": [6.5, 0.5, 5.5],
			"faces": {
				"north": {"uv": [6.5, 3, 6, 3.5], "texture": "#0"},
				"east": {"uv": [6, 3, 6.5, 5.5], "rotation": 90, "texture": "#0"},
				"south": {"uv": [6, 5, 6.5, 5.5], "texture": "#0"},
				"west": {"uv": [6, 3, 6.5, 5.5], "rotation": 270, "texture": "#0"},
				"up": {"uv": [6, 3, 6.5, 5.5], "texture": "#0"},
				"down": {"uv": [6, 5.5, 6.5, 3], "texture": "#0"}
			}
		},
		{
			"name": "wooden_hoe5_8",
			"from": [6.5, 0, 3.5],
			"to": [7, 0.5, 6],
			"faces": {
				"north": {"uv": [7, 3.5, 6.5, 4], "texture": "#0"},
				"east": {"uv": [6.5, 3.5, 7, 6], "rotation": 90, "texture": "#0"},
				"south": {"uv": [6.5, 5.5, 7, 6], "texture": "#0"},
				"west": {"uv": [6.5, 3.5, 7, 6], "rotation": 270, "texture": "#0"},
				"up": {"uv": [6.5, 3.5, 7, 6], "texture": "#0"},
				"down": {"uv": [6.5, 6, 7, 3.5], "texture": "#0"}
			}
		},
		{
			"name": "wooden_hoe5_9",
			"from": [7, 0, 4],
			"to": [8, 0.5, 8],
			"faces": {
				"north": {"uv": [8, 4, 7, 4.5], "texture": "#0"},
				"east": {"uv": [7.5, 4, 8, 8], "rotation": 90, "texture": "#0"},
				"south": {"uv": [7, 7.5, 8, 8], "texture": "#0"},
				"west": {"uv": [7, 4, 7.5, 8], "rotation": 270, "texture": "#0"},
				"up": {"uv": [7, 4, 8, 8], "texture": "#0"},
				"down": {"uv": [7, 8, 8, 4], "texture": "#0"}
			}
		},
		{
			"name": "wooden_hoe5_10",
			"from": [8, 0, 4.5],
			"to": [8.5, 0.5, 7.5],
			"faces": {
				"north": {"uv": [8.5, 4.5, 8, 5], "texture": "#0"},
				"east": {"uv": [8, 4.5, 8.5, 7.5], "rotation": 90, "texture": "#0"},
				"south": {"uv": [8, 7, 8.5, 7.5], "texture": "#0"},
				"west": {"uv": [8, 4.5, 8.5, 7.5], "rotation": 270, "texture": "#0"},
				"up": {"uv": [8, 4.5, 8.5, 7.5], "texture": "#0"},
				"down": {"uv": [8, 7.5, 8.5, 4.5], "texture": "#0"}
			}
		},
		{
			"name": "wooden_hoe5_11",
			"from": [8.5, 0, 5],
			"to": [9, 0.5, 8.5],
			"faces": {
				"north": {"uv": [9, 5, 8.5, 5.5], "texture": "#0"},
				"east": {"uv": [8.5, 5, 9, 8.5], "rotation": 90, "texture": "#0"},
				"south": {"uv": [8.5, 8, 9, 8.5], "texture": "#0"},
				"west": {"uv": [8.5, 5, 9, 8.5], "rotation": 270, "texture": "#0"},
				"up": {"uv": [8.5, 5, 9, 8.5], "texture": "#0"},
				"down": {"uv": [8.5, 8.5, 9, 5], "texture": "#0"}
			}
		},
		{
			"name": "wooden_hoe5_12",
			"from": [9, 0, 5.5],
			"to": [10, 0.5, 9.5],
			"faces": {
				"north": {"uv": [10, 5.5, 9, 6], "texture": "#0"},
				"east": {"uv": [9.5, 5.5, 10, 9.5], "rotation": 90, "texture": "#0"},
				"south": {"uv": [9, 9, 10, 9.5], "texture": "#0"},
				"west": {"uv": [9, 5.5, 9.5, 9.5], "rotation": 270, "texture": "#0"},
				"up": {"uv": [9, 5.5, 10, 9.5], "texture": "#0"},
				"down": {"uv": [9, 9.5, 10, 5.5], "texture": "#0"}
			}
		},
		{
			"name": "wooden_hoe5_13",
			"from": [6.5, 0, 6.5],
			"to": [7, 0.5, 9],
			"faces": {
				"north": {"uv": [7, 6.5, 6.5, 7], "texture": "#0"},
				"east": {"uv": [6.5, 6.5, 7, 9], "rotation": 90, "texture": "#0"},
				"south": {"uv": [6.5, 8.5, 7, 9], "texture": "#0"},
				"west": {"uv": [6.5, 6.5, 7, 9], "rotation": 270, "texture": "#0"},
				"up": {"uv": [6.5, 6.5, 7, 9], "texture": "#0"},
				"down": {"uv": [6.5, 9, 7, 6.5], "texture": "#0"}
			}
		},
		{
			"name": "wooden_hoe5_14",
			"from": [10, 0, 6.5],
			"to": [10.5, 0.5, 11.5],
			"faces": {
				"north": {"uv": [10.5, 6.5, 10, 7], "texture": "#0"},
				"east": {"uv": [10, 6.5, 10.5, 11.5], "rotation": 90, "texture": "#0"},
				"south": {"uv": [10, 11, 10.5, 11.5], "texture": "#0"},
				"west": {"uv": [10, 6.5, 10.5, 11.5], "rotation": 270, "texture": "#0"},
				"up": {"uv": [10, 6.5, 10.5, 11.5], "texture": "#0"},
				"down": {"uv": [10, 11.5, 10.5, 6.5], "texture": "#0"}
			}
		},
		{
			"name": "wooden_hoe5_15",
			"from": [6, 0, 7],
			"to": [6.5, 0.5, 9.5],
			"faces": {
				"north": {"uv": [6.5, 7, 6, 7.5], "texture": "#0"},
				"east": {"uv": [6, 7, 6.5, 9.5], "rotation": 90, "texture": "#0"},
				"south": {"uv": [6, 9, 6.5, 9.5], "texture": "#0"},
				"west": {"uv": [6, 7, 6.5, 9.5], "rotation": 270, "texture": "#0"},
				"up": {"uv": [6, 7, 6.5, 9.5], "texture": "#0"},
				"down": {"uv": [6, 9.5, 6.5, 7], "texture": "#0"}
			}
		},
		{
			"name": "wooden_hoe5_16",
			"from": [10.5, 0, 7],
			"to": [11.5, 0.5, 12],
			"faces": {
				"north": {"uv": [11.5, 7, 10.5, 7.5], "texture": "#0"},
				"east": {"uv": [11, 7, 11.5, 12], "rotation": 90, "texture": "#0"},
				"south": {"uv": [10.5, 11.5, 11.5, 12], "texture": "#0"},
				"west": {"uv": [10.5, 7, 11, 12], "rotation": 270, "texture": "#0"},
				"up": {"uv": [10.5, 7, 11.5, 12], "texture": "#0"},
				"down": {"uv": [10.5, 12, 11.5, 7], "texture": "#0"}
			}
		},
		{
			"name": "wooden_hoe5_17",
			"from": [5.5, 0, 7.5],
			"to": [6, 0.5, 9],
			"faces": {
				"north": {"uv": [6, 7.5, 5.5, 8], "texture": "#0"},
				"east": {"uv": [5.5, 7.5, 6, 9], "rotation": 90, "texture": "#0"},
				"south": {"uv": [5.5, 8.5, 6, 9], "texture": "#0"},
				"west": {"uv": [5.5, 7.5, 6, 9], "rotation": 270, "texture": "#0"},
				"up": {"uv": [5.5, 7.5, 6, 9], "texture": "#0"},
				"down": {"uv": [5.5, 9, 6, 7.5], "texture": "#0"}
			}
		},
		{
			"name": "wooden_hoe5_18",
			"from": [5, 0, 8],
			"to": [5.5, 0.5, 8.5],
			"faces": {
				"north": {"uv": [5.5, 8, 5, 8.5], "texture": "#0"},
				"east": {"uv": [5, 8, 5.5, 8.5], "rotation": 90, "texture": "#0"},
				"south": {"uv": [5, 8, 5.5, 8.5], "texture": "#0"},
				"west": {"uv": [5, 8, 5.5, 8.5], "rotation": 270, "texture": "#0"},
				"up": {"uv": [5, 8, 5.5, 8.5], "texture": "#0"},
				"down": {"uv": [5, 8.5, 5.5, 8], "texture": "#0"}
			}
		},
		{
			"name": "wooden_hoe5_19",
			"from": [7, 0, 8],
			"to": [7.5, 0.5, 8.5],
			"faces": {
				"north": {"uv": [7.5, 8, 7, 8.5], "texture": "#0"},
				"east": {"uv": [7, 8, 7.5, 8.5], "rotation": 90, "texture": "#0"},
				"south": {"uv": [7, 8, 7.5, 8.5], "texture": "#0"},
				"west": {"uv": [7, 8, 7.5, 8.5], "rotation": 270, "texture": "#0"},
				"up": {"uv": [7, 8, 7.5, 8.5], "texture": "#0"},
				"down": {"uv": [7, 8.5, 7.5, 8], "texture": "#0"}
			}
		},
		{
			"name": "wooden_hoe5_20",
			"from": [8, 0, 8],
			"to": [8.5, 0.5, 9],
			"faces": {
				"north": {"uv": [8.5, 8, 8, 8.5], "texture": "#0"},
				"east": {"uv": [8, 8, 8.5, 9], "rotation": 90, "texture": "#0"},
				"south": {"uv": [8, 8.5, 8.5, 9], "texture": "#0"},
				"west": {"uv": [8, 8, 8.5, 9], "rotation": 270, "texture": "#0"},
				"up": {"uv": [8, 8, 8.5, 9], "texture": "#0"},
				"down": {"uv": [8, 9, 8.5, 8], "texture": "#0"}
			}
		},
		{
			"name": "wooden_hoe5_21",
			"from": [8.5, 0, 9],
			"to": [9, 0.5, 9.5],
			"faces": {
				"north": {"uv": [9, 9, 8.5, 9.5], "texture": "#0"},
				"east": {"uv": [8.5, 9, 9, 9.5], "rotation": 90, "texture": "#0"},
				"south": {"uv": [8.5, 9, 9, 9.5], "texture": "#0"},
				"west": {"uv": [8.5, 9, 9, 9.5], "rotation": 270, "texture": "#0"},
				"up": {"uv": [8.5, 9, 9, 9.5], "texture": "#0"},
				"down": {"uv": [8.5, 9.5, 9, 9], "texture": "#0"}
			}
		},
		{
			"name": "wooden_hoe5_22",
			"from": [9.5, 0, 9.5],
			"to": [10, 0.5, 11.5],
			"faces": {
				"north": {"uv": [10, 9.5, 9.5, 10], "texture": "#0"},
				"east": {"uv": [9.5, 9.5, 10, 11.5], "rotation": 90, "texture": "#0"},
				"south": {"uv": [9.5, 11, 10, 11.5], "texture": "#0"},
				"west": {"uv": [9.5, 9.5, 10, 11.5], "rotation": 270, "texture": "#0"},
				"up": {"uv": [9.5, 9.5, 10, 11.5], "texture": "#0"},
				"down": {"uv": [9.5, 11.5, 10, 9.5], "texture": "#0"}
			}
		},
		{
			"name": "wooden_hoe5_23",
			"from": [11.5, 0, 9.5],
			"to": [12, 0.5, 14],
			"faces": {
				"north": {"uv": [12, 9.5, 11.5, 10], "texture": "#0"},
				"east": {"uv": [11.5, 9.5, 12, 14], "rotation": 90, "texture": "#0"},
				"south": {"uv": [11.5, 13.5, 12, 14], "texture": "#0"},
				"west": {"uv": [11.5, 9.5, 12, 14], "rotation": 270, "texture": "#0"},
				"up": {"uv": [11.5, 9.5, 12, 14], "texture": "#0"},
				"down": {"uv": [11.5, 14, 12, 9.5], "texture": "#0"}
			}
		},
		{
			"name": "wooden_hoe5_24",
			"from": [9, 0, 10],
			"to": [9.5, 0.5, 11.5],
			"faces": {
				"north": {"uv": [9.5, 10, 9, 10.5], "texture": "#0"},
				"east": {"uv": [9, 10, 9.5, 11.5], "rotation": 90, "texture": "#0"},
				"south": {"uv": [9, 11, 9.5, 11.5], "texture": "#0"},
				"west": {"uv": [9, 10, 9.5, 11.5], "rotation": 270, "texture": "#0"},
				"up": {"uv": [9, 10, 9.5, 11.5], "texture": "#0"},
				"down": {"uv": [9, 11.5, 9.5, 10], "texture": "#0"}
			}
		},
		{
			"name": "wooden_hoe5_25",
			"from": [12, 0, 10],
			"to": [13, 0.5, 15.5],
			"faces": {
				"north": {"uv": [13, 10, 12, 10.5], "texture": "#0"},
				"east": {"uv": [12.5, 10, 13, 15.5], "rotation": 90, "texture": "#0"},
				"south": {"uv": [12, 15, 13, 15.5], "texture": "#0"},
				"west": {"uv": [12, 10, 12.5, 15.5], "rotation": 270, "texture": "#0"},
				"up": {"uv": [12, 10, 13, 15.5], "texture": "#0"},
				"down": {"uv": [12, 15.5, 13, 10], "texture": "#0"}
			}
		},
		{
			"name": "wooden_hoe5_26",
			"from": [13, 0, 10.5],
			"to": [13.5, 0.5, 15.5],
			"faces": {
				"north": {"uv": [13.5, 10.5, 13, 11], "texture": "#0"},
				"east": {"uv": [13, 10.5, 13.5, 15.5], "rotation": 90, "texture": "#0"},
				"south": {"uv": [13, 15, 13.5, 15.5], "texture": "#0"},
				"west": {"uv": [13, 10.5, 13.5, 15.5], "rotation": 270, "texture": "#0"},
				"up": {"uv": [13, 10.5, 13.5, 15.5], "texture": "#0"},
				"down": {"uv": [13, 15.5, 13.5, 10.5], "texture": "#0"}
			}
		},
		{
			"name": "wooden_hoe5_27",
			"from": [13.5, 0, 11],
			"to": [14, 0.5, 15],
			"faces": {
				"north": {"uv": [14, 11, 13.5, 11.5], "texture": "#0"},
				"east": {"uv": [13.5, 11, 14, 15], "rotation": 90, "texture": "#0"},
				"south": {"uv": [13.5, 14.5, 14, 15], "texture": "#0"},
				"west": {"uv": [13.5, 11, 14, 15], "rotation": 270, "texture": "#0"},
				"up": {"uv": [13.5, 11, 14, 15], "texture": "#0"},
				"down": {"uv": [13.5, 15, 14, 11], "texture": "#0"}
			}
		},
		{
			"name": "wooden_hoe5_28",
			"from": [14, 0, 11.5],
			"to": [14.5, 0.5, 14.5],
			"faces": {
				"north": {"uv": [14.5, 11.5, 14, 12], "texture": "#0"},
				"east": {"uv": [14, 11.5, 14.5, 14.5], "rotation": 90, "texture": "#0"},
				"south": {"uv": [14, 14, 14.5, 14.5], "texture": "#0"},
				"west": {"uv": [14, 11.5, 14.5, 14.5], "rotation": 270, "texture": "#0"},
				"up": {"uv": [14, 11.5, 14.5, 14.5], "texture": "#0"},
				"down": {"uv": [14, 14.5, 14.5, 11.5], "texture": "#0"}
			}
		},
		{
			"name": "wooden_hoe5_29",
			"from": [11, 0, 12],
			"to": [11.5, 0.5, 13],
			"faces": {
				"north": {"uv": [11.5, 12, 11, 12.5], "texture": "#0"},
				"east": {"uv": [11, 12, 11.5, 13], "rotation": 90, "texture": "#0"},
				"south": {"uv": [11, 12.5, 11.5, 13], "texture": "#0"},
				"west": {"uv": [11, 12, 11.5, 13], "rotation": 270, "texture": "#0"},
				"up": {"uv": [11, 12, 11.5, 13], "texture": "#0"},
				"down": {"uv": [11, 13, 11.5, 12], "texture": "#0"}
			}
		},
		{
			"name": "wooden_hoe5_30",
			"from": [14.5, 0, 12],
			"to": [15, 0.5, 14],
			"faces": {
				"north": {"uv": [15, 12, 14.5, 12.5], "texture": "#0"},
				"east": {"uv": [14.5, 12, 15, 14], "rotation": 90, "texture": "#0"},
				"south": {"uv": [14.5, 13.5, 15, 14], "texture": "#0"},
				"west": {"uv": [14.5, 12, 15, 14], "rotation": 270, "texture": "#0"},
				"up": {"uv": [14.5, 12, 15, 14], "texture": "#0"},
				"down": {"uv": [14.5, 14, 15, 12], "texture": "#0"}
			}
		},
		{
			"name": "wooden_hoe5_31",
			"from": [15, 0, 12.5],
			"to": [15.5, 0.5, 13.5],
			"faces": {
				"north": {"uv": [15.5, 12.5, 15, 13], "texture": "#0"},
				"east": {"uv": [15, 12.5, 15.5, 13.5], "rotation": 90, "texture": "#0"},
				"south": {"uv": [15, 13, 15.5, 13.5], "texture": "#0"},
				"west": {"uv": [15, 12.5, 15.5, 13.5], "rotation": 270, "texture": "#0"},
				"up": {"uv": [15, 12.5, 15.5, 13.5], "texture": "#0"},
				"down": {"uv": [15, 13.5, 15.5, 12.5], "texture": "#0"}
			}
		},
		{
			"name": "wooden_hoe5_32",
			"from": [12.5, 0, 15.5],
			"to": [13, 0.5, 16],
			"faces": {
				"north": {"uv": [13, 15.5, 12.5, 16], "texture": "#0"},
				"east": {"uv": [12.5, 15.5, 13, 16], "rotation": 90, "texture": "#0"},
				"south": {"uv": [12.5, 15.5, 13, 16], "texture": "#0"},
				"west": {"uv": [12.5, 15.5, 13, 16], "rotation": 270, "texture": "#0"},
				"up": {"uv": [12.5, 15.5, 13, 16], "texture": "#0"},
				"down": {"uv": [12.5, 16, 13, 15.5], "texture": "#0"}
			}
		}
	],
	"display": {
		"thirdperson_righthand": {
			"rotation": [60, 0, 90],
			"translation": [-5.75, 1, 0],
			"scale": [0.8, 0.8, 0.8]
		},
		"thirdperson_lefthand": {
			"rotation": [60, 0, -90],
			"translation": [5.75, 1, 0],
			"scale": [0.8, 0.8, 0.8]
		},
		"firstperson_righthand": {
			"rotation": [55, 9, 90],
			"translation": [-4.5, -1.25, -6.25]
		},
		"firstperson_lefthand": {
			"rotation": [55, 0, -90],
			"translation": [8.25, 0.25, -6.25]
		},
		"ground": {
			"translation": [0, 4, 0]
		},
		"gui": {
			"rotation": [90, 0, 0]
		},
		"fixed": {
			"rotation": [90, 0, 0],
			"translation": [0, 0, 7.25]
		}
	},
	"groups": [
		{
			"name": "wooden_hoe5",
			"origin": [8, 8, 8],
			"children": [0, 1, 2, 3, 4, 5, 6, 7, 8, 9, 10, 11, 12, 13, 14, 15, 16, 17, 18, 19, 20, 21, 22, 23, 24, 25, 26, 27, 28, 29, 30, 31, 32]
		}
	]
}