{
	"credit": "Made with Blockbench",
	"textures": {
		"0": "items/wooden_hoe3",
		"particle": "items/wooden_hoe3"
	},
	"elements": [
		{
			"name": "wooden_hoe3_0",
			"from": [0.5, 0, 0],
			"to": [1.5, 0.5, 1],
			"faces": {
				"north": {"uv": [1.5, 0, 0.5, 0.5], "texture": "#0"},
				"east": {"uv": [1, 0, 1.5, 1], "rotation": 90, "texture": "#0"},
				"south": {"uv": [0.5, 0.5, 1.5, 1], "texture": "#0"},
				"west": {"uv": [0.5, 0, 1, 1], "rotation": 270, "texture": "#0"},
				"up": {"uv": [0.5, 0, 1.5, 1], "texture": "#0"},
				"down": {"uv": [0.5, 1, 1.5, 0], "texture": "#0"}
			}
		},
		{
			"name": "wooden_hoe3_1",
			"from": [1.5, 0, 0.5],
			"to": [2.5, 0.5, 2.5],
			"faces": {
				"north": {"uv": [2.5, 0.5, 1.5, 1], "texture": "#0"},
				"east": {"uv": [2, 0.5, 2.5, 2.5], "rotation": 90, "texture": "#0"},
				"south": {"uv": [1.5, 2, 2.5, 2.5], "texture": "#0"},
				"west": {"uv": [1.5, 0.5, 2, 2.5], "rotation": 270, "texture": "#0"},
				"up": {"uv": [1.5, 0.5, 2.5, 2.5], "texture": "#0"},
				"down": {"uv": [1.5, 2.5, 2.5, 0.5], "texture": "#0"}
			}
		},
		{
			"name": "wooden_hoe3_2",
			"from": [1, 0, 1],
			"to": [1.5, 0.5, 2],
			"faces": {
				"north": {"uv": [1.5, 1, 1, 1.5], "texture": "#0"},
				"east": {"uv": [1, 1, 1.5, 2], "rotation": 90, "texture": "#0"},
				"south": {"uv": [1, 1.5, 1.5, 2], "texture": "#0"},
				"west": {"uv": [1, 1, 1.5, 2], "rotation": 270, "texture": "#0"},
				"up": {"uv": [1, 1, 1.5, 2], "texture": "#0"},
				"down": {"uv": [1, 2, 1.5, 1], "texture": "#0"}
			}
		},
		{
			"name": "wooden_hoe3_3",
			"from": [2.5, 0, 1],
			"to": [3, 0.5, 4],
			"faces": {
				"north": {"uv": [3, 1, 2.5, 1.5], "texture": "#0"},
				"east": {"uv": [2.5, 1, 3, 4], "rotation": 90, "texture": "#0"},
				"south": {"uv": [2.5, 3.5, 3, 4], "texture": "#0"},
				"west": {"uv": [2.5, 1, 3, 4], "rotation": 270, "texture": "#0"},
				"up": {"uv": [2.5, 1, 3, 4], "texture": "#0"},
				"down": {"uv": [2.5, 4, 3, 1], "texture": "#0"}
			}
		},
		{
			"name": "wooden_hoe3_4",
			"from": [3, 0, 1.5],
			"to": [4, 0.5, 4.5],
			"faces": {
				"north": {"uv": [4, 1.5, 3, 2], "texture": "#0"},
				"east": {"uv": [3.5, 1.5, 4, 4.5], "rotation": 90, "texture": "#0"},
				"south": {"uv": [3, 4, 4, 4.5], "texture": "#0"},
				"west": {"uv": [3, 1.5, 3.5, 4.5], "rotation": 270, "texture": "#0"},
				"up": {"uv": [3, 1.5, 4, 4.5], "texture": "#0"},
				"down": {"uv": [3, 4.5, 4, 1.5], "texture": "#0"}
			}
		},
		{
			"name": "wooden_hoe3_5",
			"from": [4, 0, 2],
			"to": [4.5, 0.5, 5],
			"faces": {
				"north": {"uv": [4.5, 2, 4, 2.5], "texture": "#0"},
				"east": {"uv": [4, 2, 4.5, 5], "rotation": 90, "texture": "#0"},
				"south": {"uv": [4, 4.5, 4.5, 5], "texture": "#0"},
				"west": {"uv": [4, 2, 4.5, 5], "rotation": 270, "texture": "#0"},
				"up": {"uv": [4, 2, 4.5, 5], "texture": "#0"},
				"down": {"uv": [4, 5, 4.5, 2], "texture": "#0"}
			}
		},
		{
			"name": "wooden_hoe3_6",
			"from": [2, 0, 2.5],
			"to": [2.5, 0.5, 3.5],
			"faces": {
				"north": {"uv": [2.5, 2.5, 2, 3], "texture": "#0"},
				"east": {"uv": [2, 2.5, 2.5, 3.5], "rotation": 90, "texture": "#0"},
				"south": {"uv": [2, 3, 2.5, 3.5], "texture": "#0"},
				"west": {"uv": [2, 2.5, 2.5, 3.5], "rotation": 270, "texture": "#0"},
				"up": {"uv": [2, 2.5, 2.5, 3.5], "texture": "#0"},
				"down": {"uv": [2, 3.5, 2.5, 2.5], "texture": "#0"}
			}
		},
		{
			"name": "wooden_hoe3_7",
			"from": [4.5, 0, 2.5],
			"to": [5, 0.5, 5.5],
			"faces": {
				"north": {"uv": [5, 2.5, 4.5, 3], "texture": "#0"},
				"east": {"uv": [4.5, 2.5, 5, 5.5], "rotation": 90, "texture": "#0"},
				"south": {"uv": [4.5, 5, 5, 5.5], "texture": "#0"},
				"west": {"uv": [4.5, 2.5, 5, 5.5], "rotation": 270, "texture": "#0"},
				"up": {"uv": [4.5, 2.5, 5, 5.5], "texture": "#0"},
				"down": {"uv": [4.5, 5.5, 5, 2.5], "texture": "#0"}
			}
		},
		{
			"name": "wooden_hoe3_8",
			"from": [5, 0, 3],
			"to": [5.5, 0.5, 10],
			"faces": {
				"north": {"uv": [5.5, 3, 5, 3.5], "texture": "#0"},
				"east": {"uv": [5, 3, 5.5, 10], "rotation": 90, "texture": "#0"},
				"south": {"uv": [5, 9.5, 5.5, 10], "texture": "#0"},
				"west": {"uv": [5, 3, 5.5, 10], "rotation": 270, "texture": "#0"},
				"up": {"uv": [5, 3, 5.5, 10], "texture": "#0"},
				"down": {"uv": [5, 10, 5.5, 3], "texture": "#0"}
			}
		},
		{
			"name": "wooden_hoe3_9",
			"from": [5.5, 0, 4],
			"to": [6, 0.5, 9.5],
			"faces": {
				"north": {"uv": [6, 4, 5.5, 4.5], "texture": "#0"},
				"east": {"uv": [5.5, 4, 6, 9.5], "rotation": 90, "texture": "#0"},
				"south": {"uv": [5.5, 9, 6, 9.5], "texture": "#0"},
				"west": {"uv": [5.5, 4, 6, 9.5], "rotation": 270, "texture": "#0"},
				"up": {"uv": [5.5, 4, 6, 9.5], "texture": "#0"},
				"down": {"uv": [5.5, 9.5, 6, 4], "texture": "#0"}
			}
		},
		{
			"name": "wooden_hoe3_10",
			"from": [3.5, 0, 4.5],
			"to": [4, 0.5, 5],
			"faces": {
				"north": {"uv": [4, 4.5, 3.5, 5], "texture": "#0"},
				"east": {"uv": [3.5, 4.5, 4, 5], "rotation": 90, "texture": "#0"},
				"south": {"uv": [3.5, 4.5, 4, 5], "texture": "#0"},
				"west": {"uv": [3.5, 4.5, 4, 5], "rotation": 270, "texture": "#0"},
				"up": {"uv": [3.5, 4.5, 4, 5], "texture": "#0"},
				"down": {"uv": [3.5, 5, 4, 4.5], "texture": "#0"}
			}
		},
		{
			"name": "wooden_hoe3_11",
			"from": [6, 0, 4.5],
			"to": [8, 0.5, 9],
			"faces": {
				"north": {"uv": [8, 4.5, 6, 5], "texture": "#0"},
				"east": {"uv": [7.5, 4.5, 8, 9], "rotation": 90, "texture": "#0"},
				"south": {"uv": [6, 8.5, 8, 9], "texture": "#0"},
				"west": {"uv": [6, 4.5, 6.5, 9], "rotation": 270, "texture": "#0"},
				"up": {"uv": [6, 4.5, 8, 9], "texture": "#0"},
				"down": {"uv": [6, 9, 8, 4.5], "texture": "#0"}
			}
		},
		{
			"name": "wooden_hoe3_12",
			"from": [8, 0, 5],
			"to": [8.5, 0.5, 10],
			"faces": {
				"north": {"uv": [8.5, 5, 8, 5.5], "texture": "#0"},
				"east": {"uv": [8, 5, 8.5, 10], "rotation": 90, "texture": "#0"},
				"south": {"uv": [8, 9.5, 8.5, 10], "texture": "#0"},
				"west": {"uv": [8, 5, 8.5, 10], "rotation": 270, "texture": "#0"},
				"up": {"uv": [8, 5, 8.5, 10], "texture": "#0"},
				"down": {"uv": [8, 10, 8.5, 5], "texture": "#0"}
			}
		},
		{
			"name": "wooden_hoe3_13",
			"from": [4.5, 0, 6],
			"to": [5, 0.5, 6.5],
			"faces": {
				"north": {"uv": [5, 6, 4.5, 6.5], "texture": "#0"},
				"east": {"uv": [4.5, 6, 5, 6.5], "rotation": 90, "texture": "#0"},
				"south": {"uv": [4.5, 6, 5, 6.5], "texture": "#0"},
				"west": {"uv": [4.5, 6, 5, 6.5], "rotation": 270, "texture": "#0"},
				"up": {"uv": [4.5, 6, 5, 6.5], "texture": "#0"},
				"down": {"uv": [4.5, 6.5, 5, 6], "texture": "#0"}
			}
		},
		{
			"name": "wooden_hoe3_14",
			"from": [8.5, 0, 6],
			"to": [9.5, 0.5, 10.5],
			"faces": {
				"north": {"uv": [9.5, 6, 8.5, 6.5], "texture": "#0"},
				"east": {"uv": [9, 6, 9.5, 10.5], "rotation": 90, "texture": "#0"},
				"south": {"uv": [8.5, 10, 9.5, 10.5], "texture": "#0"},
				"west": {"uv": [8.5, 6, 9, 10.5], "rotation": 270, "texture": "#0"},
				"up": {"uv": [8.5, 6, 9.5, 10.5], "texture": "#0"},
				"down": {"uv": [8.5, 10.5, 9.5, 6], "texture": "#0"}
			}
		},
		{
			"name": "wooden_hoe3_15",
			"from": [4, 0, 6.5],
			"to": [4.5, 0.5, 7.5],
			"faces": {
				"north": {"uv": [4.5, 6.5, 4, 7], "texture": "#0"},
				"east": {"uv": [4, 6.5, 4.5, 7.5], "rotation": 90, "texture": "#0"},
				"south": {"uv": [4, 7, 4.5, 7.5], "texture": "#0"},
				"west": {"uv": [4, 6.5, 4.5, 7.5], "rotation": 270, "texture": "#0"},
				"up": {"uv": [4, 6.5, 4.5, 7.5], "texture": "#0"},
				"down": {"uv": [4, 7.5, 4.5, 6.5], "texture": "#0"}
			}
		},
		{
			"name": "wooden_hoe3_16",
			"from": [9.5, 0, 6.5],
			"to": [10, 0.5, 11.5],
			"faces": {
				"north": {"uv": [10, 6.5, 9.5, 7], "texture": "#0"},
				"east": {"uv": [9.5, 6.5, 10, 11.5], "rotation": 90, "texture": "#0"},
				"south": {"uv": [9.5, 11, 10, 11.5], "texture": "#0"},
				"west": {"uv": [9.5, 6.5, 10, 11.5], "rotation": 270, "texture": "#0"},
				"up": {"uv": [9.5, 6.5, 10, 11.5], "texture": "#0"},
				"down": {"uv": [9.5, 11.5, 10, 6.5], "texture": "#0"}
			}
		},
		{
			"name": "wooden_hoe3_17",
			"from": [4.5, 0, 7],
			"to": [5, 0.5, 8],
			"faces": {
				"north": {"uv": [5, 7, 4.5, 7.5], "texture": "#0"},
				"east": {"uv": [4.5, 7, 5, 8], "rotation": 90, "texture": "#0"},
				"south": {"uv": [4.5, 7.5, 5, 8], "texture": "#0"},
				"west": {"uv": [4.5, 7, 5, 8], "rotation": 270, "texture": "#0"},
				"up": {"uv": [4.5, 7, 5, 8], "texture": "#0"},
				"down": {"uv": [4.5, 8, 5, 7], "texture": "#0"}
			}
		},
		{
			"name": "wooden_hoe3_18",
			"from": [4.5, 0, 8.5],
			"to": [5, 0.5, 10.5],
			"faces": {
				"north": {"uv": [5, 8.5, 4.5, 9], "texture": "#0"},
				"east": {"uv": [4.5, 8.5, 5, 10.5], "rotation": 90, "texture": "#0"},
				"south": {"uv": [4.5, 10, 5, 10.5], "texture": "#0"},
				"west": {"uv": [4.5, 8.5, 5, 10.5], "rotation": 270, "texture": "#0"},
				"up": {"uv": [4.5, 8.5, 5, 10.5], "texture": "#0"},
				"down": {"uv": [4.5, 10.5, 5, 8.5], "texture": "#0"}
			}
		},
		{
			"name": "wooden_hoe3_19",
			"from": [10, 0, 8.5],
			"to": [10.5, 0.5, 12],
			"faces": {
				"north": {"uv": [10.5, 8.5, 10, 9], "texture": "#0"},
				"east": {"uv": [10, 8.5, 10.5, 12], "rotation": 90, "texture": "#0"},
				"south": {"uv": [10, 11.5, 10.5, 12], "texture": "#0"},
				"west": {"uv": [10, 8.5, 10.5, 12], "rotation": 270, "texture": "#0"},
				"up": {"uv": [10, 8.5, 10.5, 12], "texture": "#0"},
				"down": {"uv": [10, 12, 10.5, 8.5], "texture": "#0"}
			}
		},
		{
			"name": "wooden_hoe3_20",
			"from": [4, 0, 9],
			"to": [4.5, 0.5, 10.5],
			"faces": {
				"north": {"uv": [4.5, 9, 4, 9.5], "texture": "#0"},
				"east": {"uv": [4, 9, 4.5, 10.5], "rotation": 90, "texture": "#0"},
				"south": {"uv": [4, 10, 4.5, 10.5], "texture": "#0"},
				"west": {"uv": [4, 9, 4.5, 10.5], "rotation": 270, "texture": "#0"},
				"up": {"uv": [4, 9, 4.5, 10.5], "texture": "#0"},
				"down": {"uv": [4, 10.5, 4.5, 9], "texture": "#0"}
			}
		},
		{
			"name": "wooden_hoe3_21",
			"from": [6.5, 0, 9],
			"to": [8, 0.5, 10],
			"faces": {
				"north": {"uv": [8, 9, 6.5, 9.5], "texture": "#0"},
				"east": {"uv": [7.5, 9, 8, 10], "rotation": 90, "texture": "#0"},
				"south": {"uv": [6.5, 9.5, 8, 10], "texture": "#0"},
				"west": {"uv": [6.5, 9, 7, 10], "rotation": 270, "texture": "#0"},
				"up": {"uv": [6.5, 9, 8, 10], "texture": "#0"},
				"down": {"uv": [6.5, 10, 8, 9], "texture": "#0"}
			}
		},
		{
			"name": "wooden_hoe3_22",
			"from": [10.5, 0, 9],
			"to": [11, 0.5, 12],
			"faces": {
				"north": {"uv": [11, 9, 10.5, 9.5], "texture": "#0"},
				"east": {"uv": [10.5, 9, 11, 12], "rotation": 90, "texture": "#0"},
				"south": {"uv": [10.5, 11.5, 11, 12], "texture": "#0"},
				"west": {"uv": [10.5, 9, 11, 12], "rotation": 270, "texture": "#0"},
				"up": {"uv": [10.5, 9, 11, 12], "texture": "#0"},
				"down": {"uv": [10.5, 12, 11, 9], "texture": "#0"}
			}
		},
		{
			"name": "wooden_hoe3_23",
			"from": [11, 0, 9.5],
			"to": [11.5, 0.5, 12.5],
			"faces": {
				"north": {"uv": [11.5, 9.5, 11, 10], "texture": "#0"},
				"east": {"uv": [11, 9.5, 11.5, 12.5], "rotation": 90, "texture": "#0"},
				"south": {"uv": [11, 12, 11.5, 12.5], "texture": "#0"},
				"west": {"uv": [11, 9.5, 11.5, 12.5], "rotation": 270, "texture": "#0"},
				"up": {"uv": [11, 9.5, 11.5, 12.5], "texture": "#0"},
				"down": {"uv": [11, 12.5, 11.5, 9.5], "texture": "#0"}
			}
		},
		{
			"name": "wooden_hoe3_24",
			"from": [6, 0, 10],
			"to": [7, 0.5, 11],
			"faces": {
				"north": {"uv": [7, 10, 6, 10.5], "texture": "#0"},
				"east": {"uv": [6.5, 10, 7, 11], "rotation": 90, "texture": "#0"},
				"south": {"uv": [6, 10.5, 7, 11], "texture": "#0"},
				"west": {"uv": [6, 10, 6.5, 11], "rotation": 270, "texture": "#0"},
				"up": {"uv": [6, 10, 7, 11], "texture": "#0"},
				"down": {"uv": [6, 11, 7, 10], "texture": "#0"}
			}
		},
		{
			"name": "wooden_hoe3_25",
			"from": [7, 0, 10],
			"to": [7.5, 0.5, 10.5],
			"faces": {
				"north": {"uv": [7.5, 10, 7, 10.5], "texture": "#0"},
				"east": {"uv": [7, 10, 7.5, 10.5], "rotation": 90, "texture": "#0"},
				"south": {"uv": [7, 10, 7.5, 10.5], "texture": "#0"},
				"west": {"uv": [7, 10, 7.5, 10.5], "rotation": 270, "texture": "#0"},
				"up": {"uv": [7, 10, 7.5, 10.5], "texture": "#0"},
				"down": {"uv": [7, 10.5, 7.5, 10], "texture": "#0"}
			}
		},
		{
			"name": "wooden_hoe3_26",
			"from": [11.5, 0, 10],
			"to": [12, 0.5, 13],
			"faces": {
				"north": {"uv": [12, 10, 11.5, 10.5], "texture": "#0"},
				"east": {"uv": [11.5, 10, 12, 13], "rotation": 90, "texture": "#0"},
				"south": {"uv": [11.5, 12.5, 12, 13], "texture": "#0"},
				"west": {"uv": [11.5, 10, 12, 13], "rotation": 270, "texture": "#0"},
				"up": {"uv": [11.5, 10, 12, 13], "texture": "#0"},
				"down": {"uv": [11.5, 13, 12, 10], "texture": "#0"}
			}
		},
		{
			"name": "wooden_hoe3_27",
			"from": [9, 0, 10.5],
			"to": [9.5, 0.5, 11],
			"faces": {
				"north": {"uv": [9.5, 10.5, 9, 11], "texture": "#0"},
				"east": {"uv": [9, 10.5, 9.5, 11], "rotation": 90, "texture": "#0"},
				"south": {"uv": [9, 10.5, 9.5, 11], "texture": "#0"},
				"west": {"uv": [9, 10.5, 9.5, 11], "rotation": 270, "texture": "#0"},
				"up": {"uv": [9, 10.5, 9.5, 11], "texture": "#0"},
				"down": {"uv": [9, 11, 9.5, 10.5], "texture": "#0"}
			}
		},
		{
			"name": "wooden_hoe3_28",
			"from": [12, 0, 11],
			"to": [12.5, 0.5, 13.5],
			"faces": {
				"north": {"uv": [12.5, 11, 12, 11.5], "texture": "#0"},
				"east": {"uv": [12, 11, 12.5, 13.5], "rotation": 90, "texture": "#0"},
				"south": {"uv": [12, 13, 12.5, 13.5], "texture": "#0"},
				"west": {"uv": [12, 11, 12.5, 13.5], "rotation": 270, "texture": "#0"},
				"up": {"uv": [12, 11, 12.5, 13.5], "texture": "#0"},
				"down": {"uv": [12, 13.5, 12.5, 11], "texture": "#0"}
			}
		},
		{
			"name": "wooden_hoe3_29",
			"from": [12.5, 0, 11.5],
			"to": [13, 0.5, 14.5],
			"faces": {
				"north": {"uv": [13, 11.5, 12.5, 12], "texture": "#0"},
				"east": {"uv": [12.5, 11.5, 13, 14.5], "rotation": 90, "texture": "#0"},
				"south": {"uv": [12.5, 14, 13, 14.5], "texture": "#0"},
				"west": {"uv": [12.5, 11.5, 13, 14.5], "rotation": 270, "texture": "#0"},
				"up": {"uv": [12.5, 11.5, 13, 14.5], "texture": "#0"},
				"down": {"uv": [12.5, 14.5, 13, 11.5], "texture": "#0"}
			}
		},
		{
			"name": "wooden_hoe3_30",
			"from": [13, 0, 12],
			"to": [13.5, 0.5, 15.5],
			"faces": {
				"north": {"uv": [13.5, 12, 13, 12.5], "texture": "#0"},
				"east": {"uv": [13, 12, 13.5, 15.5], "rotation": 90, "texture": "#0"},
				"south": {"uv": [13, 15, 13.5, 15.5], "texture": "#0"},
				"west": {"uv": [13, 12, 13.5, 15.5], "rotation": 270, "texture": "#0"},
				"up": {"uv": [13, 12, 13.5, 15.5], "texture": "#0"},
				"down": {"uv": [13, 15.5, 13.5, 12], "texture": "#0"}
			}
		},
		{
			"name": "wooden_hoe3_31",
			"from": [13.5, 0, 12.5],
			"to": [14.5, 0.5, 16],
			"faces": {
				"north": {"uv": [14.5, 12.5, 13.5, 13], "texture": "#0"},
				"east": {"uv": [14, 12.5, 14.5, 16], "rotation": 90, "texture": "#0"},
				"south": {"uv": [13.5, 15.5, 14.5, 16], "texture": "#0"},
				"west": {"uv": [13.5, 12.5, 14, 16], "rotation": 270, "texture": "#0"},
				"up": {"uv": [13.5, 12.5, 14.5, 16], "texture": "#0"},
				"down": {"uv": [13.5, 16, 14.5, 12.5], "texture": "#0"}
			}
		},
		{
			"name": "wooden_hoe3_32",
			"from": [14.5, 0, 13],
			"to": [15.5, 0.5, 15],
			"faces": {
				"north": {"uv": [15.5, 13, 14.5, 13.5], "texture": "#0"},
				"east": {"uv": [15, 13, 15.5, 15], "rotation": 90, "texture": "#0"},
				"south": {"uv": [14.5, 14.5, 15.5, 15], "texture": "#0"},
				"west": {"uv": [14.5, 13, 15, 15], "rotation": 270, "texture": "#0"},
				"up": {"uv": [14.5, 13, 15.5, 15], "texture": "#0"},
				"down": {"uv": [14.5, 15, 15.5, 13], "texture": "#0"}
			}
		},
		{
			"name": "wooden_hoe3_33",
			"from": [15.5, 0, 13.5],
			"to": [16, 0.5, 14.5],
			"faces": {
				"north": {"uv": [16, 13.5, 15.5, 14], "texture": "#0"},
				"east": {"uv": [15.5, 13.5, 16, 14.5], "rotation": 90, "texture": "#0"},
				"south": {"uv": [15.5, 14, 16, 14.5], "texture": "#0"},
				"west": {"uv": [15.5, 13.5, 16, 14.5], "rotation": 270, "texture": "#0"},
				"up": {"uv": [15.5, 13.5, 16, 14.5], "texture": "#0"},
				"down": {"uv": [15.5, 14.5, 16, 13.5], "texture": "#0"}
			}
		},
		{
			"name": "wooden_hoe3_34",
			"from": [14.5, 0, 15],
			"to": [15, 0.5, 15.5],
			"faces": {
				"north": {"uv": [15, 15, 14.5, 15.5], "texture": "#0"},
				"east": {"uv": [14.5, 15, 15, 15.5], "rotation": 90, "texture": "#0"},
				"south": {"uv": [14.5, 15, 15, 15.5], "texture": "#0"},
				"west": {"uv": [14.5, 15, 15, 15.5], "rotation": 270, "texture": "#0"},
				"up": {"uv": [14.5, 15, 15, 15.5], "texture": "#0"},
				"down": {"uv": [14.5, 15.5, 15, 15], "texture": "#0"}
			}
		}
	],
	"display": {
		"thirdperson_righthand": {
			"rotation": [45, 0, 90],
			"translation": [-8.5, 1.75, 0],
			"scale": [1.15, 1.15, 1.15]
		},
		"thirdperson_lefthand": {
			"rotation": [45, 0, -90],
			"translation": [8.5, 1.75, 0],
			"scale": [1.15, 1.15, 1.15]
		},
		"firstperson_righthand": {
			"rotation": [55, 9, 90],
			"translation": [-4.5, -1.25, -6.25],
			"scale": [2, 2, 2]
		},
		"firstperson_lefthand": {
			"rotation": [55, 0, -90],
			"translation": [25, 0.25, -6.25],
			"scale": [2, 2, 2]
		},
		"ground": {
			"translation": [0, 5.75, 0],
			"scale": [1.15, 1.15, 1.15]
		},
		"gui": {
			"rotation": [90, 0, 0]
		},
		"fixed": {
			"rotation": [90, 0, 0],
			"translation": [0, 0, 7.25]
		}
	},
	"groups": [
		{
			"name": "wooden_hoe3",
			"origin": [8, 8, 8],
			"children": [
				{
					"name": "wooden_hoe3",
					"origin": [8, 8, 8],
					"children": [0, 1, 2, 3, 4, 5, 6, 7, 8, 9, 10, 11, 12, 13, 14, 15, 16, 17, 18, 19, 20, 21, 22, 23, 24, 25, 26, 27, 28, 29, 30, 31, 32, 33, 34]
				}
			]
		}
	]
}