{
    "parent": "item/handheld_rod",
    "textures": {
        "layer0": "item/carrot_on_a_stick"
    },
	"overrides": [
		{ "predicate": { "custom_model_data":1700001}, "model": "custom/item/gun_0" },
		{ "predicate": { "custom_model_data":1700002}, "model": "custom/item/gun_1" },
		{ "predicate": { "custom_model_data":1700003}, "model": "custom/item/gun_2" },
		{ "predicate": { "custom_model_data":1700004}, "model": "custom/item/gun_3" },
		{ "predicate": { "custom_model_data":1706000}, "model": "custom/item/bandage" }
	]
}
