{
	"pools": [
		{
			"rolls":1,
			"entries": [
				{
					"type":"minecraft:alternatives",
					"children": [
						{
							"type": "minecraft:loot_table",
							"name": "ggunz:gun_1_base",
							"conditions": [
								{
									"condition": "entity_scores",
									"entity": "this",
									"scores": {
										"gz_bullets":{
											"min": 4,
											"max": 255
										}
									}
								}
							],
							"functions": [
								{
									"function": "set_nbt",
									"tag": "{gz_data:{bullets:4}}"
								},
								{
									"function": "minecraft:set_damage",
									"damage": 0.99
								}
							]
						},
						{
							"type": "minecraft:loot_table",
							"name": "ggunz:gun_1_base",
							"conditions": [
								{
									"condition": "entity_scores",
									"entity": "this",
									"scores": {
										"gz_bullets": 3
									}
								}
							],
							"functions": [
								{
									"function": "set_nbt",
									"tag": "{gz_data:{bullets:3}}"
								},
								{
									"function": "minecraft:set_damage",
									"damage": 0.75
								}
							]
						},
						{
							"type": "minecraft:loot_table",
							"name": "ggunz:gun_1_base",
							"conditions": [
								{
									"condition": "entity_scores",
									"entity": "this",
									"scores": {
										"gz_bullets": 2
									}
								}
							],
							"functions": [
								{
									"function": "set_nbt",
									"tag": "{gz_data:{bullets:2}}"
								},
								{
									"function": "minecraft:set_damage",
									"damage": 0.5
								}
							]
						},
						{
							"type": "minecraft:loot_table",
							"name": "ggunz:gun_1_base",
							"conditions": [
								{
									"condition": "entity_scores",
									"entity": "this",
									"scores": {
										"gz_bullets": 1
									}
								}
							],
							"functions": [
								{
									"function": "set_nbt",
									"tag": "{gz_data:{bullets:1}}"
								},
								{
									"function": "minecraft:set_damage",
									"damage": 0.25
								}
							]
						},
						{
							"type": "minecraft:loot_table",
							"name": "ggunz:gun_1_base"
						}
					]
				}
			]
		}
	]
}