{
	"pools": [
		{
			"rolls":1,
			"entries": [
				{
					"type": "minecraft:alternatives",
					"children": [
						{
							"type": "item",
							"name": "minecraft:crossbow",
							"conditions": [
								{
									"condition": "entity_scores",
									"entity": "this",
									"scores": {
										"gz_bullets":{
											"min": 1,
											"max": 255
										}
									}
								}
							],
							"functions": [
								{
									"function": "minecraft:set_name",
									"name": [
										{"translate":"ggunz.item.name.gun_3","color":"yellow", "italic":"false"}
									],
									"replace": "true"
								},
								{
									"function": "minecraft:set_lore",
									"lore": [
										[{"translate":"ggunz.item.desc.bullets","color":"white", "italic":"false"},{"score":{"name":"@s","objective":"gz_bullets"}},{"text":"/"},{"score":{"name":"@s","objective":"gz_capacity"}}]
									],
									"entity": "this",
									"replace": "true"
								},
								{
									"function": "set_nbt",
									"tag": "{CustomModelData:1700004, Charged:1b, gz_data:{capacity:8, reload_time:2.5, id:3},HideFlags:34,AttributeModifiers:[{AttributeName:\"generic.movementSpeed\",Name:\"generic.movementSpeed\",Amount:-0.2,Operation:1,UUIDLeast:332139,UUIDMost:963712,Slot:\"mainhand\"},{AttributeName:\"generic.movementSpeed\",Name:\"generic.movementSpeed\",Amount:-0.2,Operation:1,UUIDLeast:596892,UUIDMost:57084,Slot:\"offhand\"}]}"
								}
							]
						},
						{
							"type": "item",
							"name": "minecraft:carrot_on_a_stick",
							"functions": [
								{
									"function": "minecraft:set_name",
									"name": [
										{"translate":"ggunz.item.name.gun_3","color":"yellow", "italic":"false"}
									],
									"replace": "true"
								},
								{
									"function": "minecraft:set_lore",
									"lore": [
										{"translate":"ggunz.item.desc.line1","color":"gray", "italic":"false"},
										[{"translate":"ggunz.item.desc.line2","color":"blue", "italic":"false"},{"text":"2.5s"}]
									],
									"replace": "true"
								},
								{
									"function": "set_nbt",
									"tag": "{CustomModelData:1700004, gz_data:{capacity:8, bullets:0, reload_time:2.5, id:3},HideFlags:34,AttributeModifiers:[{AttributeName:\"generic.movementSpeed\",Name:\"generic.movementSpeed\",Amount:-0.2,Operation:1,UUIDLeast:332139,UUIDMost:963712,Slot:\"mainhand\"},{AttributeName:\"generic.movementSpeed\",Name:\"generic.movementSpeed\",Amount:-0.2,Operation:1,UUIDLeast:596892,UUIDMost:57084,Slot:\"offhand\"}]}"
								}
							]
						}
					]
				}
			]
		}
	]
}