{
    "type": "minecraft:crafting_shaped",
    "pattern": [
        "IGG",
        "LIS",
        "RWP"
    ],
    "key": {
        "I": {
            "item": "minecraft:iron_block"
        },
        "G": {
            "item": "minecraft:glass_bottle"
        },
        "L": {
            "item": "minecraft:lever"
        },
        "R": {
            "item": "minecraft:redstone"
        },
        "S": {
            "item": "minecraft:stone_button"
        },
        "W": {
            "tag": "minecraft:logs"
        },
        "P": {
            "item": "minecraft:piston"
        }
    },
    "result": {
        "item": "minecraft:knowledge_book"
    }
}