{
    "parent": "item/generated",
    "display": {
        "thirdperson_righthand": {
            "rotation": [ 0, -90, 55 ],
            "translation": [ 0, 3.0, 0.5 ],
            "scale": [ 1.70, 1.70, 0.85 ]
        },
        "thirdperson_lefthand": {
            "rotation": [ 0, -90, 55 ],
            "translation": [ 0, 3.0, 0.5 ],
            "scale": [ 1.70, 1.70, 0.85 ]
        },
        "firstperson_righthand": {
            "rotation": [ 0, -90, 25 ],
            "translation": [ 5.13, 2.2, 0.13 ],
            "scale": [ 1.36, 1.36, 0.68 ]
        },
        "firstperson_lefthand": {
            "rotation": [ 0, 90, -25 ],
            "translation": [ 5.13, 2.2, 0.13 ],
            "scale": [ 1.36, 1.36, 0.68 ]
        }
    }
}
