{
    "parent": "builtin/entity",
    "display": {
        "gui": {
            "rotation": [ 30, 45, 0 ],
            "translation": [ 0, 4, 0 ],
            "scale": [ 1.2, 1.2, 1.2 ]
        },
        "fixed": {
            "rotation": [ 0, 180, 0 ],
            "translation": [ 0, 10.3, 0],
            "scale":[ 2.6, 2.6, 1 ]
        },
        "firstperson_righthand": {
			"rotation": [ 0, -45, 0 ],
			"translation": [ -2, 4.4, 2.75 ],
			"scale": [ 0.6, 0.6, 0.6 ]
        },
        "firstperson_lefthand": {
			"rotation": [ 0, 45, 0 ],
			"translation": [ -2, 4.4, 2.75 ],
			"scale": [ 0.6, 0.6, 0.6 ]
        },
        "ground": {
            "rotation": [ 0, 0, 0 ],
            "translation": [ 0, 5, 0 ],
            "scale": [ 0.50, 0.50, 0.50 ]
        },
        "thirdperson_righthand": {
            "rotation": [ 78, 45, 0 ],
            "translation": [ 0, 3, 3 ],
            "scale": [ 0.75, 0.75, 0.75 ]
        }
    }
}
